-- phpMyAdmin SQL Dump
-- version 5.1.1deb5ubuntu1
-- https://www.phpmyadmin.net/
--
-- 主機： localhost:3306
-- 產生時間： 2025 年 07 月 21 日 10:24
-- 伺服器版本： 8.0.40-0ubuntu0.22.04.1
-- PHP 版本： 8.1.2-1ubuntu2.19

SET SQL_MODE = "NO_AUTO_VALUE_ON_ZERO";
START TRANSACTION;
SET time_zone = "+00:00";


/*!40101 SET @OLD_CHARACTER_SET_CLIENT=@@CHARACTER_SET_CLIENT */;
/*!40101 SET @OLD_CHARACTER_SET_RESULTS=@@CHARACTER_SET_RESULTS */;
/*!40101 SET @OLD_COLLATION_CONNECTION=@@COLLATION_CONNECTION */;
/*!40101 SET NAMES utf8mb4 */;

--
-- 資料庫: `django_db`
--

-- --------------------------------------------------------

--
-- 資料表結構 `auth_group`
--

CREATE TABLE `auth_group` (
  `id` int NOT NULL,
  `name` varchar(150) NOT NULL
) ENGINE=InnoDB DEFAULT CHARSET=utf8mb4 COLLATE=utf8mb4_0900_ai_ci;

-- --------------------------------------------------------

--
-- 資料表結構 `auth_group_permissions`
--

CREATE TABLE `auth_group_permissions` (
  `id` bigint NOT NULL,
  `group_id` int NOT NULL,
  `permission_id` int NOT NULL
) ENGINE=InnoDB DEFAULT CHARSET=utf8mb4 COLLATE=utf8mb4_0900_ai_ci;

-- --------------------------------------------------------

--
-- 資料表結構 `auth_permission`
--

CREATE TABLE `auth_permission` (
  `id` int NOT NULL,
  `name` varchar(255) NOT NULL,
  `content_type_id` int NOT NULL,
  `codename` varchar(100) NOT NULL
) ENGINE=InnoDB DEFAULT CHARSET=utf8mb4 COLLATE=utf8mb4_0900_ai_ci;

--
-- 傾印資料表的資料 `auth_permission`
--

INSERT INTO `auth_permission` (`id`, `name`, `content_type_id`, `codename`) VALUES
(1, 'Can add log entry', 1, 'add_logentry'),
(2, 'Can change log entry', 1, 'change_logentry'),
(3, 'Can delete log entry', 1, 'delete_logentry'),
(4, 'Can view log entry', 1, 'view_logentry'),
(5, 'Can add permission', 2, 'add_permission'),
(6, 'Can change permission', 2, 'change_permission'),
(7, 'Can delete permission', 2, 'delete_permission'),
(8, 'Can view permission', 2, 'view_permission'),
(9, 'Can add group', 3, 'add_group'),
(10, 'Can change group', 3, 'change_group'),
(11, 'Can delete group', 3, 'delete_group'),
(12, 'Can view group', 3, 'view_group'),
(13, 'Can add user', 4, 'add_user'),
(14, 'Can change user', 4, 'change_user'),
(15, 'Can delete user', 4, 'delete_user'),
(16, 'Can view user', 4, 'view_user'),
(17, 'Can add content type', 5, 'add_contenttype'),
(18, 'Can change content type', 5, 'change_contenttype'),
(19, 'Can delete content type', 5, 'delete_contenttype'),
(20, 'Can view content type', 5, 'view_contenttype'),
(21, 'Can add session', 6, 'add_session'),
(22, 'Can change session', 6, 'change_session'),
(23, 'Can delete session', 6, 'delete_session'),
(24, 'Can view session', 6, 'view_session');

-- --------------------------------------------------------

--
-- 資料表結構 `auth_user`
--

CREATE TABLE `auth_user` (
  `id` int NOT NULL,
  `password` varchar(128) NOT NULL,
  `last_login` datetime(6) DEFAULT NULL,
  `is_superuser` tinyint(1) NOT NULL,
  `username` varchar(150) NOT NULL,
  `first_name` varchar(150) NOT NULL,
  `last_name` varchar(150) NOT NULL,
  `email` varchar(254) NOT NULL,
  `is_staff` tinyint(1) NOT NULL,
  `is_active` tinyint(1) NOT NULL,
  `date_joined` datetime(6) NOT NULL
) ENGINE=InnoDB DEFAULT CHARSET=utf8mb4 COLLATE=utf8mb4_0900_ai_ci;

-- --------------------------------------------------------

--
-- 資料表結構 `auth_user_groups`
--

CREATE TABLE `auth_user_groups` (
  `id` bigint NOT NULL,
  `user_id` int NOT NULL,
  `group_id` int NOT NULL
) ENGINE=InnoDB DEFAULT CHARSET=utf8mb4 COLLATE=utf8mb4_0900_ai_ci;

-- --------------------------------------------------------

--
-- 資料表結構 `auth_user_user_permissions`
--

CREATE TABLE `auth_user_user_permissions` (
  `id` bigint NOT NULL,
  `user_id` int NOT NULL,
  `permission_id` int NOT NULL
) ENGINE=InnoDB DEFAULT CHARSET=utf8mb4 COLLATE=utf8mb4_0900_ai_ci;

-- --------------------------------------------------------

--
-- 資料表結構 `django_admin_log`
--

CREATE TABLE `django_admin_log` (
  `id` int NOT NULL,
  `action_time` datetime(6) NOT NULL,
  `object_id` longtext,
  `object_repr` varchar(200) NOT NULL,
  `action_flag` smallint UNSIGNED NOT NULL,
  `change_message` longtext NOT NULL,
  `content_type_id` int DEFAULT NULL,
  `user_id` int NOT NULL
) ;

-- --------------------------------------------------------

--
-- 資料表結構 `django_content_type`
--

CREATE TABLE `django_content_type` (
  `id` int NOT NULL,
  `app_label` varchar(100) NOT NULL,
  `model` varchar(100) NOT NULL
) ENGINE=InnoDB DEFAULT CHARSET=utf8mb4 COLLATE=utf8mb4_0900_ai_ci;

--
-- 傾印資料表的資料 `django_content_type`
--

INSERT INTO `django_content_type` (`id`, `app_label`, `model`) VALUES
(1, 'admin', 'logentry'),
(3, 'auth', 'group'),
(2, 'auth', 'permission'),
(4, 'auth', 'user'),
(5, 'contenttypes', 'contenttype'),
(6, 'sessions', 'session');

-- --------------------------------------------------------

--
-- 資料表結構 `django_migrations`
--

CREATE TABLE `django_migrations` (
  `id` bigint NOT NULL,
  `app` varchar(255) NOT NULL,
  `name` varchar(255) NOT NULL,
  `applied` datetime(6) NOT NULL
) ENGINE=InnoDB DEFAULT CHARSET=utf8mb4 COLLATE=utf8mb4_0900_ai_ci;

--
-- 傾印資料表的資料 `django_migrations`
--

INSERT INTO `django_migrations` (`id`, `app`, `name`, `applied`) VALUES
(1, 'contenttypes', '0001_initial', '2025-01-21 14:41:44.222173'),
(2, 'auth', '0001_initial', '2025-01-21 14:41:44.641651'),
(3, 'admin', '0001_initial', '2025-01-21 14:41:44.753192'),
(4, 'admin', '0002_logentry_remove_auto_add', '2025-01-21 14:41:44.766891'),
(5, 'admin', '0003_logentry_add_action_flag_choices', '2025-01-21 14:41:44.776722'),
(6, 'contenttypes', '0002_remove_content_type_name', '2025-01-21 14:41:44.852158'),
(7, 'auth', '0002_alter_permission_name_max_length', '2025-01-21 14:41:44.902726'),
(8, 'auth', '0003_alter_user_email_max_length', '2025-01-21 14:41:44.930634'),
(9, 'auth', '0004_alter_user_username_opts', '2025-01-21 14:41:44.942921'),
(10, 'auth', '0005_alter_user_last_login_null', '2025-01-21 14:41:45.035732'),
(11, 'auth', '0006_require_contenttypes_0002', '2025-01-21 14:41:45.039003'),
(12, 'auth', '0007_alter_validators_add_error_messages', '2025-01-21 14:41:45.052155'),
(13, 'auth', '0008_alter_user_username_max_length', '2025-01-21 14:41:45.106203'),
(14, 'auth', '0009_alter_user_last_name_max_length', '2025-01-21 14:41:45.167512'),
(15, 'auth', '0010_alter_group_name_max_length', '2025-01-21 14:41:45.189832'),
(16, 'auth', '0011_update_proxy_permissions', '2025-01-21 14:41:45.198240'),
(17, 'auth', '0012_alter_user_first_name_max_length', '2025-01-21 14:41:45.250357'),
(18, 'sessions', '0001_initial', '2025-01-21 14:41:45.281187');

-- --------------------------------------------------------

--
-- 資料表結構 `django_session`
--

CREATE TABLE `django_session` (
  `session_key` varchar(40) NOT NULL,
  `session_data` longtext NOT NULL,
  `expire_date` datetime(6) NOT NULL
) ENGINE=InnoDB DEFAULT CHARSET=utf8mb4 COLLATE=utf8mb4_0900_ai_ci;

-- --------------------------------------------------------

--
-- 資料表結構 `Food_Recognition`
--

CREATE TABLE `Food_Recognition` (
  `no` mediumint UNSIGNED NOT NULL,
  `User_ID` char(33) CHARACTER SET utf8mb4 COLLATE utf8mb4_general_ci NOT NULL,
  `Time_upload` datetime NOT NULL,
  `Image_name` varchar(47) CHARACTER SET utf8mb4 COLLATE utf8mb4_general_ci NOT NULL,
  `Food_name` text CHARACTER SET utf8mb4 COLLATE utf8mb4_general_ci NOT NULL
) ENGINE=InnoDB DEFAULT CHARSET=utf8mb4 COLLATE=utf8mb4_0900_ai_ci;

--
-- 傾印資料表的資料 `Food_Recognition`
--

INSERT INTO `Food_Recognition` (`no`, `User_ID`, `Time_upload`, `Image_name`, `Food_name`) VALUES
(1, 'U40f24667937a0764e4117dba4741580b', '2025-01-24 19:58:00', '20250124195800U40f246679_result.jpg', '[{\"name\": \"Eggs\", \"calories\": 155, \"fat\": 11, \"protein\": 13, \"carbs\": 1}, {\"name\": \"Green Beans\", \"calories\": 31, \"fat\": 0.2, \"protein\": 2, \"carbs\": 7}, {\"name\": \"Ground Pork\", \"calories\": 263, \"fat\": 20, \"protein\": 26, \"carbs\": 0}]'),
(2, 'U40f24667937a0764e4117dba4741580b', '2025-01-24 21:30:41', '20250124213041U40f246679_result.jpg', '[{\"name\": \"u96deu86cb\", \"calories\": 155, \"fat\": 11, \"protein\": 13, \"carbohydrates\": 1}, {\"name\": \"u7da0u8c46\", \"calories\": 31, \"fat\": 0.2, \"protein\": 2.5, \"carbohydrates\": 7}, {\"name\": \"u8c6cu8089u7d5eu8089\", \"calories\": 250, \"fat\": 20, \"protein\": 17, \"carbohydrates\": 0}]'),
(3, 'U40f24667937a0764e4117dba4741580b', '2025-01-24 21:34:35', '20250124213435U40f246679_result.jpg', '[{\"name\": \"rice\", \"calories\": 130, \"fat\": 0.3, \"protein\": 2.4, \"carbohydrates\": 28.6}, {\"name\": \"braised pork\", \"calories\": 250, \"fat\": 20, \"protein\": 20, \"carbohydrates\": 0}, {\"name\": \"stir-fried greens\", \"calories\": 50, \"fat\": 3, \"protein\": 2, \"carbohydrates\": 7}, {\"name\": \"cooked cucumber\", \"calories\": 20, \"fat\": 0.1, \"protein\": 0.5, \"carbohydrates\": 4}, {\"name\": \"stir-fried peppers\", \"calories\": 30, \"fat\": 0.2, \"protein\": 1, \"carbohydrates\": 6}]'),
(4, 'U40f24667937a0764e4117dba4741580b', '2025-01-24 23:25:14', '20250124232514U40f246679_result.jpg', '[{\"name\": \"u8170u679c\", \"calories\": 553, \"fat\": 43.9, \"protein\": 18.2, \"carbohydrates\": 30.2}, {\"name\": \"u674fu4ec1\", \"calories\": 576, \"fat\": 49.9, \"protein\": 21.2, \"carbohydrates\": 21.6}, {\"name\": \"u6838u6843\", \"calories\": 654, \"fat\": 65.2, \"protein\": 15.2, \"carbohydrates\": 13.7}, {\"name\": \"u4e7eu679c\", \"calories\": 277, \"fat\": 0.5, \"protein\": 2.1, \"carbohydrates\": 74.1}, {\"name\": \"u5357u74dcu5b50\", \"calories\": 559, \"fat\": 49.1, \"protein\": 29.8, \"carbohydrates\": 16.5}]'),
(5, 'U64dfb17c57eeecad2d6a441ab83ab2d0', '2025-01-25 09:18:36', '20250125091836U64dfb17c5_result.jpg', '[{\"name\": \"Fried Chicken\", \"calories\": 350, \"fat\": 20, \"protein\": 30, \"carbs\": 10}, {\"name\": \"Beef Patty\", \"calories\": 250, \"fat\": 15, \"protein\": 20, \"carbs\": 5}, {\"name\": \"Broccoli\", \"calories\": 55, \"fat\": 0.6, \"protein\": 4.5, \"carbs\": 11}, {\"name\": \"Tomato\", \"calories\": 22, \"fat\": 0.25, \"protein\": 1.1, \"carbs\": 4.8}, {\"name\": \"Baby Corn\", \"calories\": 26, \"fat\": 0.1, \"protein\": 1.2, \"carbs\": 5.7}, {\"name\": \"Soft Boiled Egg\", \"calories\": 68, \"fat\": 5, \"protein\": 6, \"carbs\": 1}, {\"name\": \"Rice\", \"calories\": 200, \"fat\": 0.5, \"protein\": 4, \"carbs\": 44}, {\"name\": \"Mayonnaise\", \"calories\": 100, \"fat\": 11, \"protein\": 0.2, \"carbs\": 0.5}]'),
(6, 'U64dfb17c57eeecad2d6a441ab83ab2d0', '2025-01-25 09:19:30', '20250125091930U64dfb17c5_result.jpg', '[{\"name\": \"u725bu8089u4e32\", \"calories\": 250, \"fat\": 15, \"protein\": 30, \"carbohydrates\": 0}, {\"name\": \"u96deu8089u4e32\", \"calories\": 200, \"fat\": 10, \"protein\": 25, \"carbohydrates\": 0}, {\"name\": \"u852cu83dcu4e32\", \"calories\": 50, \"fat\": 1, \"protein\": 2, \"carbohydrates\": 10}, {\"name\": \"u7389u7c73\", \"calories\": 120, \"fat\": 1.5, \"protein\": 4, \"carbohydrates\": 27}, {\"name\": \"u6c99u62c9\", \"calories\": 80, \"fat\": 3, \"protein\": 2, \"carbohydrates\": 10}]'),
(7, 'U64dfb17c57eeecad2d6a441ab83ab2d0', '2025-01-25 09:23:23', '20250125092323U64dfb17c5_result.jpg', '[{\"name\": \"Panini Sandwich\", \"calories\": 300, \"fat\": 12, \"protein\": 14, \"carbohydrates\": 36}, {\"name\": \"Mixed Salad\", \"calories\": 150, \"fat\": 6, \"protein\": 3, \"carbohydrates\": 20}, {\"name\": \"Fruit (Melon and Lemon)\", \"calories\": 50, \"fat\": 0, \"protein\": 1, \"carbohydrates\": 13}]'),
(8, 'U64dfb17c57eeecad2d6a441ab83ab2d0', '2025-01-25 10:42:42', '20250125104242U64dfb17c5_result.jpg', '[{\"name\": \"u96deu8089\", \"calories\": 239, \"fat\": 14, \"protein\": 27, \"carbohydrates\": 0}, {\"name\": \"u7389u7c73\", \"calories\": 86, \"fat\": 1.2, \"protein\": 3.2, \"carbohydrates\": 19}, {\"name\": \"u767du83dc\", \"calories\": 12, \"fat\": 0.2, \"protein\": 1, \"carbohydrates\": 2.2}, {\"name\": \"u9999u83c7\", \"calories\": 22, \"fat\": 0.3, \"protein\": 2.2, \"carbohydrates\": 3.3}, {\"name\": \"u8c46u8150\", \"calories\": 76, \"fat\": 4, \"protein\": 8, \"carbohydrates\": 2}]'),
(9, 'U40f24667937a0764e4117dba4741580b', '2025-01-25 11:44:06', '20250125114406U40f246679_result.jpg', '[{\"名稱\": \"炸雞腿\", \"熱量\": 400, \"脂肪\": 20, \"蛋白質\": 25, \"碳水\": 30}, {\"名稱\": \"小玉米\", \"熱量\": 25, \"脂肪\": 0.5, \"蛋白質\": 1, \"碳水\": 5}, {\"名稱\": \"西蘭花\", \"熱量\": 55, \"脂肪\": 0.5, \"蛋白質\": 4, \"碳水\": 10}, {\"名稱\": \"番茄\", \"熱量\": 18, \"脂肪\": 0.2, \"蛋白質\": 1, \"碳水\": 4}, {\"名稱\": \"水煮蛋\", \"熱量\": 68, \"脂肪\": 5, \"蛋白質\": 6, \"碳水\": 1}, {\"名稱\": \"沙拉醬\", \"熱量\": 100, \"脂肪\": 11, \"蛋白質\": 0.5, \"碳水\": 2}]'),
(10, 'U40f24667937a0764e4117dba4741580b', '2025-01-25 18:55:05', '20250125185505U40f246679_result.jpg', '[{\"名稱\": \"紫米\", \"熱量\": 100, \"脂肪\": 1, \"蛋白質\": 4, \"碳水\": 21}, {\"名稱\": \"蛋捲\", \"熱量\": 90, \"脂肪\": 7, \"蛋白質\": 6, \"碳水\": 2}, {\"名稱\": \"青蔬菜\", \"熱量\": 30, \"脂肪\": 0, \"蛋白質\": 3, \"碳水\": 5}, {\"名稱\": \"甜椒\", \"熱量\": 30, \"脂肪\": 0, \"蛋白質\": 1, \"碳水\": 6}]'),
(11, 'U64dfb17c57eeecad2d6a441ab83ab2d0', '2025-01-26 18:10:15', '20250126181015U64dfb17c5_result.jpg', '[{\"名稱\": \"麵條\", \"熱量\": 150, \"脂肪\": 2, \"蛋白質\": 5, \"碳水\": 30}, {\"名稱\": \"蛋\", \"熱量\": 70, \"脂肪\": 5, \"蛋白質\": 6, \"碳水\": 1}, {\"名稱\": \"青菜\", \"熱量\": 20, \"脂肪\": 0.5, \"蛋白質\": 2, \"碳水\": 4}, {\"名稱\": \"高湯\", \"熱量\": 30, \"脂肪\": 1, \"蛋白質\": 3, \"碳水\": 2}]'),
(12, 'U64dfb17c57eeecad2d6a441ab83ab2d0', '2025-01-26 18:10:48', '20250126181048U64dfb17c5_result.jpg', '[{\"名稱\": \"生菜\", \"熱量\": 15, \"脂肪\": 0.2, \"蛋白質\": 1.2, \"碳水\": 2.9}, {\"名稱\": \"雞肉\", \"熱量\": 165, \"脂肪\": 3.6, \"蛋白質\": 31, \"碳水\": 0}, {\"名稱\": \"醬油\", \"熱量\": 10, \"脂肪\": 0, \"蛋白質\": 1, \"碳水\": 1}, {\"名稱\": \"魚乾\", \"熱量\": 120, \"脂肪\": 2, \"蛋白質\": 24, \"碳水\": 0}]'),
(13, 'U64dfb17c57eeecad2d6a441ab83ab2d0', '2025-01-26 18:11:14', '20250126181114U64dfb17c5_result.jpg', '[{\"名稱\": \"豆腐皮\", \"熱量\": 120, \"脂肪\": 7, \"蛋白質\": 12, \"碳水\": 4}, {\"名稱\": \"酸菜\", \"熱量\": 15, \"脂肪\": 0, \"蛋白質\": 1, \"碳水\": 3}]'),
(14, 'U64dfb17c57eeecad2d6a441ab83ab2d0', '2025-01-30 11:38:14', '20250130113814U64dfb17c5_result.jpg', '[{\"名稱\": \"白飯\", \"熱量\": 130, \"脂肪\": 0.3, \"蛋白質\": 2.7, \"碳水\": 28.1}, {\"名稱\": \"雞肉\", \"熱量\": 239, \"脂肪\": 14, \"蛋白質\": 26, \"碳水\": 0}, {\"名稱\": \"豬肉\", \"熱量\": 263, \"脂肪\": 22, \"蛋白質\": 18, \"碳水\": 0}, {\"名稱\": \"蔬菜\", \"熱量\": 50, \"脂肪\": 0.5, \"蛋白質\": 2, \"碳水\": 10}, {\"名稱\": \"豆腐\", \"熱量\": 144, \"脂肪\": 8, \"蛋白質\": 15, \"碳水\": 3.9}, {\"名稱\": \"湯（肉湯）\", \"熱量\": 50, \"脂肪\": 3.5, \"蛋白質\": 4, \"碳水\": 2}, {\"名稱\": \"黑豆\", \"熱量\": 339, \"脂肪\": 0.8, \"蛋白質\": 21.6, \"碳水\": 55.8}, {\"名稱\": \"糯米\", \"熱量\": 350, \"脂肪\": 1, \"蛋白質\": 6, \"碳水\": 77}]'),
(15, 'U64dfb17c57eeecad2d6a441ab83ab2d0', '2025-01-30 11:40:05', '20250130114005U64dfb17c5_result.jpg', '[{\"名稱\": \"蝦\", \"熱量\": 99, \"脂肪\": 0.3, \"蛋白質\": 24, \"碳水\": 0.2}]'),
(16, 'U64dfb17c57eeecad2d6a441ab83ab2d0', '2025-02-02 19:52:56', '20250202195256U64dfb17c5_result.jpg', '[{\"名稱\": \"米飯\", \"熱量\": 130, \"脂肪\": 0.3, \"蛋白質\": 2.4, \"碳水\": 28}, {\"名稱\": \"蛋\", \"熱量\": 155, \"脂肪\": 11, \"蛋白質\": 13, \"碳水\": 1.1}, {\"名稱\": \"奶油\", \"熱量\": 717, \"脂肪\": 81, \"蛋白質\": 1, \"碳水\": 0.1}, {\"名稱\": \"醬汁\", \"熱量\": 50, \"脂肪\": 2, \"蛋白質\": 1, \"碳水\": 9}]'),
(17, 'U64dfb17c57eeecad2d6a441ab83ab2d0', '2025-02-07 14:43:20', '20250207144320U64dfb17c5_result.jpg', '[{\"名稱\": \"炒麵\", \"熱量\": 400, \"脂肪\": 10, \"蛋白質\": 12, \"碳水\": 70}, {\"名稱\": \"生魚片小卷\", \"熱量\": 250, \"脂肪\": 15, \"蛋白質\": 20, \"碳水\": 5}, {\"名稱\": \"湯\", \"熱量\": 50, \"脂肪\": 1, \"蛋白質\": 2, \"碳水\": 8}]'),
(18, 'U64dfb17c57eeecad2d6a441ab83ab2d0', '2025-02-09 18:25:50', '20250209182550U64dfb17c5_result.jpg', '[{\"名稱\": \"豬肉\", \"熱量\": 242, \"脂肪\": 19, \"蛋白質\": 25, \"碳水\": 0}, {\"名稱\": \"牛肉\", \"熱量\": 250, \"脂肪\": 20, \"蛋白質\": 26, \"碳水\": 0}, {\"名稱\": \"雞肉\", \"熱量\": 239, \"脂肪\": 14, \"蛋白質\": 27, \"碳水\": 0}, {\"名稱\": \"豆芽\", \"熱量\": 30, \"脂肪\": 0.2, \"蛋白質\": 3, \"碳水\": 6}, {\"名稱\": \"泡菜\", \"熱量\": 15, \"脂肪\": 0.5, \"蛋白質\": 1, \"碳水\": 2}]'),
(19, 'U64dfb17c57eeecad2d6a441ab83ab2d0', '2025-02-09 18:28:28', '20250209182828U64dfb17c5_result.jpg', '[{\"名稱\": \"豆腐蒸蛋\", \"熱量\": 90, \"脂肪\": 5, \"蛋白質\": 7, \"碳水\": 4}]'),
(20, 'U64dfb17c57eeecad2d6a441ab83ab2d0', '2025-02-09 18:29:25', '20250209182925U64dfb17c5_result.jpg', '[{\"名稱\": \"蝦\", \"熱量\": 99, \"脂肪\": 0.3, \"蛋白質\": 24, \"碳水\": 0.2}, {\"名稱\": \"扇貝\", \"熱量\": 92, \"脂肪\": 1.6, \"蛋白質\": 20, \"碳水\": 2.1}, {\"名稱\": \"魷魚\", \"熱量\": 92, \"脂肪\": 1.4, \"蛋白質\": 19.2, \"碳水\": 3.1}, {\"名稱\": \"香腸\", \"熱量\": 301, \"脂肪\": 26, \"蛋白質\": 12, \"碳水\": 2}, {\"名稱\": \"火腿\", \"熱量\": 145, \"脂肪\": 8, \"蛋白質\": 20, \"碳水\": 1}]'),
(21, 'U64dfb17c57eeecad2d6a441ab83ab2d0', '2025-02-09 18:29:52', '20250209182952U64dfb17c5_result.jpg', '[{\"名稱\": \"蒸蛋\", \"熱量\": 128, \"脂肪\": 9, \"蛋白質\": 11, \"碳水\": 1}]'),
(22, 'U64dfb17c57eeecad2d6a441ab83ab2d0', '2025-02-13 20:05:05', '20250213200505U64dfb17c5_result.jpg', '[{\"名稱\": \"湯圓\", \"熱量\": 200, \"脂肪\": 3, \"蛋白質\": 4, \"碳水\": 40}, {\"名稱\": \"湯底\", \"熱量\": 50, \"脂肪\": 0, \"蛋白質\": 1, \"碳水\": 12}]'),
(23, 'U64dfb17c57eeecad2d6a441ab83ab2d0', '2025-02-14 12:30:48', '20250214123048U64dfb17c5_result.jpg', '[{\"名稱\": \"烤乳酪餅\", \"熱量\": 250, \"脂肪\": 15, \"蛋白質\": 7, \"碳水\": 25}, {\"名稱\": \"炸雞塊\", \"熱量\": 320, \"脂肪\": 20, \"蛋白質\": 30, \"碳水\": 15}, {\"名稱\": \"可頌\", \"熱量\": 300, \"脂肪\": 20, \"蛋白質\": 6, \"碳水\": 30}, {\"名稱\": \"黃油醬\", \"熱量\": 100, \"脂肪\": 11, \"蛋白質\": 0, \"碳水\": 0}]'),
(24, 'U64dfb17c57eeecad2d6a441ab83ab2d0', '2025-02-14 12:32:30', '20250214123230U64dfb17c5_result.jpg', '[{\"名稱\": \"全麥餅皮\", \"熱量\": 120, \"脂肪\": 3, \"蛋白質\": 4, \"碳水\": 22}, {\"名稱\": \"芝士片\", \"熱量\": 70, \"脂肪\": 6, \"蛋白質\": 4, \"碳水\": 1}, {\"名稱\": \"生菜\", \"熱量\": 5, \"脂肪\": 0, \"蛋白質\": 0, \"碳水\": 1}, {\"名稱\": \"其他蔬菜（如番茄、黃瓜）\", \"熱量\": 15, \"脂肪\": 0, \"蛋白質\": 1, \"碳水\": 3}]'),
(25, 'U64dfb17c57eeecad2d6a441ab83ab2d0', '2025-02-14 12:34:31', '20250214123431U64dfb17c5_result.jpg', '[{\"名稱\": \"焦糖拿鐵\", \"熱量\": 250, \"脂肪\": 8, \"蛋白質\": 7, \"碳水\": 35}]'),
(26, 'U64dfb17c57eeecad2d6a441ab83ab2d0', '2025-02-14 12:42:14', '20250214124214U64dfb17c5_result.jpg', '[{\"名稱\": \"焗烤海鮮料理\", \"熱量\": 300, \"脂肪\": 15, \"蛋白質\": 20, \"碳水\": 25}]'),
(27, 'U64dfb17c57eeecad2d6a441ab83ab2d0', '2025-02-18 10:47:08', '20250218104708U64dfb17c5_result.jpg', '[{\"名稱\": \"炸雞排\", \"熱量\": 480, \"脂肪\": 30, \"蛋白質\": 40, \"碳水\": 20}, {\"名稱\": \"清炒洋白菜\", \"熱量\": 50, \"脂肪\": 1, \"蛋白質\": 2, \"碳水\": 10}, {\"名稱\": \"西蘭花\", \"熱量\": 55, \"脂肪\": 0.5, \"蛋白質\": 5, \"碳水\": 10}, {\"名稱\": \"紅豆沙\", \"熱量\": 100, \"脂肪\": 0.5, \"蛋白質\": 3, \"碳水\": 24}, {\"名稱\": \"香腸\", \"熱量\": 150, \"脂肪\": 12, \"蛋白質\": 8, \"碳水\": 2}, {\"名稱\": \"米飯\", \"熱量\": 210, \"脂肪\": 0.5, \"蛋白質\": 4, \"碳水\": 44}]'),
(28, 'U64dfb17c57eeecad2d6a441ab83ab2d0', '2025-02-18 10:49:45', '20250218104945U64dfb17c5_result.jpg', '[{\"名稱\": \"牛肉\", \"熱量\": 250, \"脂肪\": 18, \"蛋白質\": 25, \"碳水\": 0}, {\"名稱\": \"西蘭花\", \"熱量\": 55, \"脂肪\": 0, \"蛋白質\": 5, \"碳水\": 10}, {\"名稱\": \"生菜\", \"熱量\": 15, \"脂肪\": 0, \"蛋白質\": 1, \"碳水\": 3}, {\"名稱\": \"豆腐\", \"熱量\": 70, \"脂肪\": 4, \"蛋白質\": 8, \"碳水\": 2}, {\"名稱\": \"香腸\", \"熱量\": 300, \"脂肪\": 25, \"蛋白質\": 12, \"碳水\": 3}, {\"名稱\": \"蛋\", \"熱量\": 70, \"脂肪\": 5, \"蛋白質\": 6, \"碳水\": 1}]'),
(29, 'U64dfb17c57eeecad2d6a441ab83ab2d0', '2025-02-19 07:23:13', '20250219072313U64dfb17c5_result.jpg', '[{\"名稱\": \"豆腐鮮魚\", \"熱量\": 200, \"脂肪\": 10, \"蛋白質\": 25, \"碳水\": 5}, {\"名稱\": \"清炒青菜\", \"熱量\": 50, \"脂肪\": 2, \"蛋白質\": 3, \"碳水\": 8}, {\"名稱\": \"咖哩鮮蝦\", \"熱量\": 300, \"脂肪\": 15, \"蛋白質\": 20, \"碳水\": 30}, {\"名稱\": \"白米飯\", \"熱量\": 180, \"脂肪\": 0.5, \"蛋白質\": 4, \"碳水\": 40}, {\"名稱\": \"黃瓜鮮菇湯\", \"熱量\": 40, \"脂肪\": 1, \"蛋白質\": 2, \"碳水\": 5}, {\"名稱\": \"綠蘋果\", \"熱量\": 95, \"脂肪\": 0.3, \"蛋白質\": 0.5, \"碳水\": 25}]'),
(30, 'U64dfb17c57eeecad2d6a441ab83ab2d0', '2025-02-19 11:04:56', '20250219110456U64dfb17c5_result.jpg', '[{\"名稱\": \"蘋果\", \"熱量\": 52, \"脂肪\": 0.2, \"蛋白質\": 0.3, \"碳水\": 14}]'),
(31, 'U64dfb17c57eeecad2d6a441ab83ab2d0', '2025-02-19 14:41:05', '20250219144105U64dfb17c5_result.jpg', '[{\"名稱\": \"腰果\", \"熱量\": 553, \"脂肪\": 44, \"蛋白質\": 18, \"碳水\": 30}, {\"名稱\": \"葡萄乾\", \"熱量\": 299, \"脂肪\": 0.5, \"蛋白質\": 3.1, \"碳水\": 79}, {\"名稱\": \"杏仁\", \"熱量\": 576, \"脂肪\": 49, \"蛋白質\": 21, \"碳水\": 22}]'),
(32, 'U40f24667937a0764e4117dba4741580b', '2025-02-20 15:42:19', '20250220154219U40f246679_result.jpg', '[{\"名稱\": \"李榮豆\", \"熱量\": 213, \"脂肪\": 2.8, \"蛋白質\": 4.7, \"碳水\": 47}, {\"名稱\": \"其它食材\", \"熱量\": 100, \"脂肪\": 1, \"蛋白質\": 3, \"碳水\": 20}]'),
(33, 'U40f24667937a0764e4117dba4741580b', '2025-02-20 15:43:23', '20250220154323U40f246679_result.jpg', '[{\"名稱\": \"餅乾（綠茶口味）\", \"熱量\": 50, \"脂肪\": 2, \"蛋白質\": 1, \"碳水\": 7}, {\"名稱\": \"餅乾（草莓口味）\", \"熱量\": 50, \"脂肪\": 2, \"蛋白質\": 1, \"碳水\": 7}, {\"名稱\": \"餅乾（香草口味）\", \"熱量\": 50, \"脂肪\": 2, \"蛋白質\": 1, \"碳水\": 7}]'),
(34, 'U64dfb17c57eeecad2d6a441ab83ab2d0', '2025-02-23 12:26:45', '20250223122645U64dfb17c5_result.jpg', '[{\"名稱\": \"豬肉\", \"熱量\": 250, \"脂肪\": 20, \"蛋白質\": 18, \"碳水\": 0}, {\"名稱\": \"香菇\", \"熱量\": 34, \"脂肪\": 0.5, \"蛋白質\": 2.5, \"碳水\": 6.5}, {\"名稱\": \"雞蛋\", \"熱量\": 155, \"脂肪\": 11, \"蛋白質\": 13, \"碳水\": 1}, {\"名稱\": \"高麗菜\", \"熱量\": 25, \"脂肪\": 0.1, \"蛋白質\": 1.3, \"碳水\": 6}, {\"名稱\": \"雞精/醬油\", \"熱量\": 20, \"脂肪\": 0.1, \"蛋白質\": 2, \"碳水\": 4}]'),
(35, 'U64dfb17c57eeecad2d6a441ab83ab2d0', '2025-02-23 12:36:52', '20250223123652U64dfb17c5_result.jpg', '[{\"名稱\": \"雞肉\", \"熱量\": 165, \"脂肪\": 3.6, \"蛋白質\": 31, \"碳水\": 0}, {\"名稱\": \"嫩豆莢\", \"熱量\": 42, \"脂肪\": 0.4, \"蛋白質\": 3.4, \"碳水\": 7.6}]'),
(36, 'U64dfb17c57eeecad2d6a441ab83ab2d0', '2025-02-23 13:27:01', '20250223132701U64dfb17c5_result.jpg', '[{\"名稱\": \"黑珍珠菇\", \"熱量\": 22, \"脂肪\": 0.3, \"蛋白質\": 2.2, \"碳水\": 3.3}]'),
(37, 'U64dfb17c57eeecad2d6a441ab83ab2d0', '2025-02-23 13:27:14', '20250223132714U64dfb17c5_result.jpg', '[{\"名稱\": \"香菇\", \"熱量\": 22, \"脂肪\": 0.3, \"蛋白質\": 2.2, \"碳水\": 3.3}]'),
(38, 'U64dfb17c57eeecad2d6a441ab83ab2d0', '2025-02-23 13:27:20', '20250223132720U64dfb17c5_result.jpg', '[{\"名稱\": \"香菇\", \"熱量\": 22, \"脂肪\": 0.3, \"蛋白質\": 2.2, \"碳水\": 3.3}]'),
(39, 'U64dfb17c57eeecad2d6a441ab83ab2d0', '2025-03-10 21:19:32', '20250310211932U64dfb17c5_result.jpg', '[{\"名稱\": \"餃子\", \"熱量\": 150, \"脂肪\": 5, \"蛋白質\": 8, \"碳水\": 22}]'),
(40, 'U64dfb17c57eeecad2d6a441ab83ab2d0', '2025-03-10 21:20:06', '20250310212006U64dfb17c5_result.jpg', '[{\"名稱\": \"炒飯\", \"熱量\": 250, \"脂肪\": 8, \"蛋白質\": 6, \"碳水\": 42}]'),
(41, 'U64dfb17c57eeecad2d6a441ab83ab2d0', '2025-03-10 21:20:48', '20250310212048U64dfb17c5_result.jpg', '[{\"名稱\": \"生鮭魚\", \"熱量\": 142, \"脂肪\": 6.34, \"蛋白質\": 20.62, \"碳水\": 0}, {\"名稱\": \"可頌\", \"熱量\": 406, \"脂肪\": 21.67, \"蛋白質\": 7.51, \"碳水\": 43.38}, {\"名稱\": \"生菜\", \"熱量\": 15, \"脂肪\": 0.2, \"蛋白質\": 0.5, \"碳水\": 2.87}, {\"名稱\": \"小番茄\", \"熱量\": 18, \"脂肪\": 0.2, \"蛋白質\": 0.9, \"碳水\": 3.9}, {\"名稱\": \"黃瓜\", \"熱量\": 16, \"脂肪\": 0.1, \"蛋白質\": 0.7, \"碳水\": 3.63}, {\"名稱\": \"菠蘿\", \"熱量\": 50, \"脂肪\": 0.1, \"蛋白質\": 0.54, \"碳水\": 13.12}]'),
(42, 'U4bfbb93019e9b052b8ca94cb9bc77dfb', '2025-03-12 06:19:05', '20250312061905U4bfbb9301_result.jpg', '[{\"名稱\": \"生日蛋糕\", \"熱量\": 350, \"脂肪\": 15, \"蛋白質\": 4, \"碳水\": 52}]'),
(43, 'U4bfbb93019e9b052b8ca94cb9bc77dfb', '2025-03-12 10:56:03', '20250312105603U4bfbb9301_result.jpg', '[{\"名稱\": \"餅乾\", \"熱量\": 50, \"脂肪\": 2, \"蛋白質\": 1, \"碳水\": 7}]'),
(44, 'U64dfb17c57eeecad2d6a441ab83ab2d0', '2025-03-15 17:12:54', '20250315171254U64dfb17c5_result.jpg', '[{\"名稱\": \"豬肉\", \"熱量\": 242, \"脂肪\": 16, \"蛋白質\": 22, \"碳水\": 0}, {\"名稱\": \"白菜\", \"熱量\": 13, \"脂肪\": 0.2, \"蛋白質\": 1, \"碳水\": 2.9}, {\"名稱\": \"胡蘿蔔\", \"熱量\": 41, \"脂肪\": 0.2, \"蛋白質\": 0.9, \"碳水\": 9.6}, {\"名稱\": \"玉米\", \"熱量\": 86, \"脂肪\": 1.2, \"蛋白質\": 3.3, \"碳水\": 19}, {\"名稱\": \"香菇\", \"熱量\": 22, \"脂肪\": 0.3, \"蛋白質\": 2.2, \"碳水\": 3.3}, {\"名稱\": \"洋蔥\", \"熱量\": 40, \"脂肪\": 0.1, \"蛋白質\": 1.1, \"碳水\": 9.3}, {\"名稱\": \"大蒜\", \"熱量\": 149, \"脂肪\": 0.5, \"蛋白質\": 6.4, \"碳水\": 33}, {\"名稱\": \"青椒\", \"熱量\": 20, \"脂肪\": 0.2, \"蛋白質\": 0.9, \"碳水\": 4.7}, {\"名稱\": \"豆腐皮\", \"熱量\": 144, \"脂肪\": 8.7, \"蛋白質\": 12.3, \"碳水\": 2.6}]'),
(45, 'U64dfb17c57eeecad2d6a441ab83ab2d0', '2025-03-15 17:57:32', '20250315175732U64dfb17c5_result.jpg', '[{\"名稱\": \"米飯\", \"熱量\": 130, \"脂肪\": 0.3, \"蛋白質\": 2.7, \"碳水\": 28}, {\"名稱\": \"小蝦乾\", \"熱量\": 250, \"脂肪\": 5, \"蛋白質\": 50, \"碳水\": 0.5}]'),
(46, 'U40f24667937a0764e4117dba4741580b', '2025-03-15 18:35:02', '20250315183502U40f246679_result.jpg', '[{\"名稱\": \"橘子\", \"熱量\": 47, \"脂肪\": 0.1, \"蛋白質\": 0.9, \"碳水\": 11.8}, {\"名稱\": \"木瓜\", \"熱量\": 43, \"脂肪\": 0.4, \"蛋白質\": 0.5, \"碳水\": 10.2}, {\"名稱\": \"哈密瓜\", \"熱量\": 34, \"脂肪\": 0.2, \"蛋白質\": 0.8, \"碳水\": 8.2}, {\"名稱\": \"鳳梨\", \"熱量\": 50, \"脂肪\": 0.1, \"蛋白質\": 0.5, \"碳水\": 13.1}]'),
(47, 'U40f24667937a0764e4117dba4741580b', '2025-03-16 09:53:34', '20250316095334U40f246679_result.jpg', '[{\"名稱\": \"水煮蛋\", \"熱量\": 68, \"脂肪\": 5, \"蛋白質\": 6, \"碳水\": 1}, {\"名稱\": \"水果 (例如鳳梨或木瓜)\", \"熱量\": 50, \"脂肪\": 0.2, \"蛋白質\": 1, \"碳水\": 13}, {\"名稱\": \"奶昔\", \"熱量\": 200, \"脂肪\": 8, \"蛋白質\": 8, \"碳水\": 30}]'),
(48, 'U40f24667937a0764e4117dba4741580b', '2025-03-16 12:39:26', '20250316123926U40f246679_result.jpg', '[{\"名稱\": \"魚（白鱸魚）\", \"熱量\": 120, \"脂肪\": 3, \"蛋白質\": 25, \"碳水\": 0}, {\"名稱\": \"薑炒青菜（如青江菜）\", \"熱量\": 50, \"脂肪\": 2, \"蛋白質\": 4, \"碳水\": 8}, {\"名稱\": \"湯（魚湯）\", \"熱量\": 80, \"脂肪\": 5, \"蛋白質\": 10, \"碳水\": 4}]'),
(49, 'U4bfbb93019e9b052b8ca94cb9bc77dfb', '2025-03-20 22:14:20', '20250320221420U4bfbb9301_result.jpg', '[{\"名稱\": \"漢堡包\", \"熱量\": 250, \"脂肪\": 10, \"蛋白質\": 12, \"碳水\": 30}, {\"名稱\": \"芝士片\", \"熱量\": 70, \"脂肪\": 6, \"蛋白質\": 4, \"碳水\": 1}, {\"名稱\": \"生菜\", \"熱量\": 5, \"脂肪\": 0, \"蛋白質\": 1, \"碳水\": 1}, {\"名稱\": \"番茄\", \"熱量\": 10, \"脂肪\": 0, \"蛋白質\": 0, \"碳水\": 2}, {\"名稱\": \"醬料\", \"熱量\": 100, \"脂肪\": 8, \"蛋白質\": 1, \"碳水\": 5}]'),
(50, 'U4bfbb93019e9b052b8ca94cb9bc77dfb', '2025-03-20 22:20:48', '20250320222048U4bfbb9301_result.jpg', '[{\"名稱\": \"餃子（煮熟）\", \"熱量\": 50, \"脂肪\": 1.5, \"蛋白質\": 3, \"碳水\": 8}]'),
(51, 'U4bfbb93019e9b052b8ca94cb9bc77dfb', '2025-03-20 22:21:19', '20250320222119U4bfbb9301_result.jpg', '[{\"名稱\": \"蘋果\", \"熱量\": 52, \"脂肪\": 0.2, \"蛋白質\": 0.3, \"碳水\": 14}]'),
(52, 'U4bfbb93019e9b052b8ca94cb9bc77dfb', '2025-03-20 22:21:54', '20250320222154U4bfbb9301_result.jpg', '[{\"名稱\": \"草莓\", \"熱量\": 32, \"脂肪\": 0.3, \"蛋白質\": 0.7, \"碳水\": 7.7}]'),
(53, 'U4bfbb93019e9b052b8ca94cb9bc77dfb', '2025-03-20 22:22:05', '20250320222205U4bfbb9301_result.jpg', '[{\"名稱\": \"葡萄\", \"熱量\": 69, \"脂肪\": 0.2, \"蛋白質\": 0.6, \"碳水\": 18}]'),
(54, 'U4bfbb93019e9b052b8ca94cb9bc77dfb', '2025-03-20 22:23:20', '20250320222320U4bfbb9301_result.jpg', '[{\"名稱\": \"三明治（火腿、蔬菜、沙拉醬）\", \"熱量\": 250, \"脂肪\": 10, \"蛋白質\": 12, \"碳水\": 30}]'),
(55, 'U4bfbb93019e9b052b8ca94cb9bc77dfb', '2025-03-20 22:25:50', '20250320222550U4bfbb9301_result.jpg', '[{\"名稱\": \"麵包\", \"熱量\": 265, \"脂肪\": 3.2, \"蛋白質\": 9, \"碳水\": 49}]'),
(56, 'U4bfbb93019e9b052b8ca94cb9bc77dfb', '2025-03-20 22:26:06', '20250320222606U4bfbb9301_result.jpg', '[{\"名稱\": \"麵包\", \"熱量\": 250, \"脂肪\": 3, \"蛋白質\": 9, \"碳水\": 49}]'),
(57, 'U4bfbb93019e9b052b8ca94cb9bc77dfb', '2025-03-21 08:20:09', '20250321082009U4bfbb9301_result.jpg', '[{\"名稱\": \"餅乾\", \"熱量\": 20, \"脂肪\": 0.5, \"蛋白質\": 0.3, \"碳水\": 3.4}]'),
(58, 'U64dfb17c57eeecad2d6a441ab83ab2d0', '2025-03-21 08:29:22', '20250321082922U64dfb17c5_result.jpg', '[{\"名稱\": \"牛肉\", \"熱量\": 250, \"脂肪\": 15, \"蛋白質\": 30, \"碳水\": 0}, {\"名稱\": \"西蘭花\", \"熱量\": 55, \"脂肪\": 0.6, \"蛋白質\": 4.2, \"碳水\": 11}, {\"名稱\": \"蛋\", \"熱量\": 68, \"脂肪\": 5, \"蛋白質\": 6, \"碳水\": 0.6}, {\"名稱\": \"火腿\", \"熱量\": 150, \"脂肪\": 10, \"蛋白質\": 12, \"碳水\": 1}, {\"名稱\": \"豆腐\", \"熱量\": 144, \"脂肪\": 8, \"蛋白質\": 15, \"碳水\": 2}, {\"名稱\": \"生菜和胡蘿蔔\", \"熱量\": 25, \"脂肪\": 0.3, \"蛋白質\": 1.1, \"碳水\": 5}]'),
(59, 'U6e585ac2690d2362259e468863900868', '2025-03-21 08:56:42', '20250321085642U6e585ac26_result.jpg', '[{\"名稱\": \"蘋果\", \"熱量\": 52, \"脂肪\": 0.2, \"蛋白質\": 0.3, \"碳水\": 14}, {\"名稱\": \"煎蛋\", \"熱量\": 91, \"脂肪\": 7, \"蛋白質\": 6, \"碳水\": 1}, {\"名稱\": \"牛奶\", \"熱量\": 42, \"脂肪\": 1, \"蛋白質\": 3, \"碳水\": 5}, {\"名稱\": \"麵包\", \"熱量\": 150, \"脂肪\": 6, \"蛋白質\": 5, \"碳水\": 25}]'),
(60, 'U6e585ac2690d2362259e468863900868', '2025-03-21 09:04:38', '20250321090438U6e585ac26_result.jpg', '[{\"名稱\": \"生菜\", \"熱量\": 5, \"脂肪\": 0.1, \"蛋白質\": 0.5, \"碳水\": 1}, {\"名稱\": \"炸雞肉\", \"熱量\": 250, \"脂肪\": 15, \"蛋白質\": 20, \"碳水\": 10}, {\"名稱\": \"蒸蛋\", \"熱量\": 80, \"脂肪\": 5, \"蛋白質\": 7, \"碳水\": 2}, {\"名稱\": \"湯（根據成分）\", \"熱量\": 50, \"脂肪\": 2, \"蛋白質\": 3, \"碳水\": 8}]'),
(61, 'U6e585ac2690d2362259e468863900868', '2025-03-21 09:05:04', '20250321090504U6e585ac26_result.jpg', '[{\"名稱\": \"雞蛋\", \"熱量\": 155, \"脂肪\": 11, \"蛋白質\": 13, \"碳水\": 1}, {\"名稱\": \"牛肉\", \"熱量\": 250, \"脂肪\": 20, \"蛋白質\": 26, \"碳水\": 0}, {\"名稱\": \"菠菜\", \"熱量\": 23, \"脂肪\": 0.4, \"蛋白質\": 2.9, \"碳水\": 3.6}, {\"名稱\": \"洋蔥\", \"熱量\": 40, \"脂肪\": 0.1, \"蛋白質\": 1.1, \"碳水\": 9.3}]'),
(62, 'U4bfbb93019e9b052b8ca94cb9bc77dfb', '2025-03-21 09:07:28', '20250321090728U4bfbb9301_result.jpg', '[{\"名稱\": \"漢堡包\", \"熱量\": 250, \"脂肪\": 9, \"蛋白質\": 12, \"碳水\": 32}, {\"名稱\": \"牛肉餡餅\", \"熱量\": 200, \"脂肪\": 10, \"蛋白質\": 20, \"碳水\": 0}, {\"名稱\": \"芝士片\", \"熱量\": 70, \"脂肪\": 6, \"蛋白質\": 4, \"碳水\": 1}, {\"名稱\": \"美乃滋\", \"熱量\": 100, \"脂肪\": 11, \"蛋白質\": 0, \"碳水\": 0}, {\"名稱\": \"生菜\", \"熱量\": 5, \"脂肪\": 0, \"蛋白質\": 0, \"碳水\": 1}, {\"名稱\": \"番茄片\", \"熱量\": 10, \"脂肪\": 0, \"蛋白質\": 0, \"碳水\": 2}]'),
(63, 'U4bfbb93019e9b052b8ca94cb9bc77dfb', '2025-03-21 09:08:39', '20250321090839U4bfbb9301_result.jpg', '[{\"名稱\": \"餃子\", \"熱量\": 220, \"脂肪\": 8, \"蛋白質\": 10, \"碳水\": 30}]'),
(64, 'U4bfbb93019e9b052b8ca94cb9bc77dfb', '2025-03-21 09:09:26', '20250321090926U4bfbb9301_result.jpg', '[{\"名稱\": \"酸種麵包\", \"熱量\": 250, \"脂肪\": 1, \"蛋白質\": 9, \"碳水\": 51}]'),
(65, 'U4bfbb93019e9b052b8ca94cb9bc77dfb', '2025-03-21 09:10:00', '20250321091000U4bfbb9301_result.jpg', '[{\"名稱\": \"三明治\", \"熱量\": 250, \"脂肪\": 10, \"蛋白質\": 15, \"碳水\": 30}]'),
(66, 'U4bfbb93019e9b052b8ca94cb9bc77dfb', '2025-03-21 09:10:38', '20250321091038U4bfbb9301_result.jpg', '[{\"名稱\": \"蘋果\", \"熱量\": 52, \"脂肪\": 0.2, \"蛋白質\": 0.3, \"碳水\": 14}]'),
(67, 'U4bfbb93019e9b052b8ca94cb9bc77dfb', '2025-03-21 09:11:10', '20250321091110U4bfbb9301_result.jpg', '[{\"名稱\": \"草莓\", \"熱量\": 32, \"脂肪\": 0.3, \"蛋白質\": 0.7, \"碳水\": 7.7}]'),
(68, 'U4bfbb93019e9b052b8ca94cb9bc77dfb', '2025-03-21 09:11:43', '20250321091143U4bfbb9301_result.jpg', '[{\"名稱\": \"漢堡肉餅\", \"熱量\": 250, \"脂肪\": 15, \"蛋白質\": 20, \"碳水\": 0}, {\"名稱\": \"漢堡麵包\", \"熱量\": 150, \"脂肪\": 2, \"蛋白質\": 5, \"碳水\": 30}, {\"名稱\": \"生菜\", \"熱量\": 5, \"脂肪\": 0, \"蛋白質\": 0, \"碳水\": 1}, {\"名稱\": \"番茄\", \"熱量\": 10, \"脂肪\": 0, \"蛋白質\": 0, \"碳水\": 2}, {\"名稱\": \"起司片\", \"熱量\": 70, \"脂肪\": 6, \"蛋白質\": 4, \"碳水\": 1}, {\"名稱\": \"火腿\", \"熱量\": 50, \"脂肪\": 3, \"蛋白質\": 5, \"碳水\": 1}, {\"名稱\": \"無花果\", \"熱量\": 30, \"脂肪\": 0, \"蛋白質\": 0, \"碳水\": 8}]'),
(69, 'U4bfbb93019e9b052b8ca94cb9bc77dfb', '2025-03-21 16:35:37', '20250321163537U4bfbb9301_result.jpg', '[{\"名稱\": \"蘋果\", \"熱量\": 52, \"脂肪\": 0.2, \"蛋白質\": 0.3, \"碳水\": 14}]'),
(70, 'U6e585ac2690d2362259e468863900868', '2025-03-24 10:49:16', '20250324104916U6e585ac26_result.jpg', '[{\"名稱\": \"Instant Noodles\", \"熱量\": 380, \"脂肪\": 16, \"蛋白質\": 8, \"碳水\": 56}, {\"名稱\": \"Broth\", \"熱量\": 30, \"脂肪\": 1, \"蛋白質\": 2, \"碳水\": 5}, {\"名稱\": \"Vegetables (e.g., Greens, Corn)\", \"熱量\": 20, \"脂肪\": 0, \"蛋白質\": 1, \"碳水\": 4}, {\"名稱\": \"Meat (Fried Chicken)\", \"熱量\": 250, \"脂肪\": 15, \"蛋白質\": 20, \"碳水\": 0}]'),
(71, 'U43ec78f0dd2b7b6f96336c96e551fba3', '2025-03-24 11:23:54', '20250324112354U43ec78f0d_result.jpg', '[{\"名稱\": \"牛排\", \"熱量\": 250, \"脂肪\": 15, \"蛋白質\": 25, \"碳水\": 0}, {\"名稱\": \"煎蛋\", \"熱量\": 90, \"脂肪\": 7, \"蛋白質\": 6, \"碳水\": 1}, {\"名稱\": \"麵條\", \"熱量\": 200, \"脂肪\": 2, \"蛋白質\": 7, \"碳水\": 40}, {\"名稱\": \"醬汁\", \"熱量\": 50, \"脂肪\": 2, \"蛋白質\": 1, \"碳水\": 10}]'),
(72, 'U43ec78f0dd2b7b6f96336c96e551fba3', '2025-03-24 11:32:50', '20250324113250U43ec78f0d_result.jpg', '[{\"名稱\": \"抹茶冰淇淋\", \"熱量\": 160, \"脂肪\": 6, \"蛋白質\": 3, \"碳水\": 19}, {\"名稱\": \"黑糖醬\", \"熱量\": 50, \"脂肪\": 0, \"蛋白質\": 0, \"碳水\": 13}]'),
(73, 'U43ec78f0dd2b7b6f96336c96e551fba3', '2025-03-24 11:33:55', '20250324113355U43ec78f0d_result.jpg', '[{\"名稱\": \"餛飩\", \"熱量\": 50, \"脂肪\": 1, \"蛋白質\": 4, \"碳水\": 8}, {\"名稱\": \"麵條\", \"熱量\": 220, \"脂肪\": 1, \"蛋白質\": 7, \"碳水\": 45}, {\"名稱\": \"青菜\", \"熱量\": 10, \"脂肪\": 0, \"蛋白質\": 1, \"碳水\": 2}, {\"名稱\": \"湯汁\", \"熱量\": 30, \"脂肪\": 2, \"蛋白質\": 1, \"碳水\": 5}]'),
(74, 'U9e51dbd0ef9b9b40afaac86df513bfb3', '2025-03-24 11:34:22', '20250324113422U9e51dbd0e_result.jpg', '[{\"名稱\": \"牛肉\", \"熱量\": 290, \"脂肪\": 20, \"蛋白質\": 26, \"碳水\": 0}, {\"名稱\": \"米飯\", \"熱量\": 130, \"脂肪\": 0.3, \"蛋白質\": 2.7, \"碳水\": 28}, {\"名稱\": \"蛋\", \"熱量\": 155, \"脂肪\": 10.6, \"蛋白質\": 12.6, \"碳水\": 1.1}, {\"名稱\": \"青菜（西蘭花）\", \"熱量\": 55, \"脂肪\": 0.6, \"蛋白質\": 4, \"碳水\": 11}, {\"名稱\": \"海藻\", \"熱量\": 45, \"脂肪\": 0.6, \"蛋白質\": 5.2, \"碳水\": 9}, {\"名稱\": \"調味品（辣椒粉、芝麻等）\", \"熱量\": 20, \"脂肪\": 1, \"蛋白質\": 0.5, \"碳水\": 3}]'),
(75, 'U40f24667937a0764e4117dba4741580b', '2025-03-24 13:49:33', '20250324134933U40f246679_result.jpg', '[{\"名稱\": \"白米飯\", \"熱量\": 130, \"脂肪\": 0.3, \"蛋白質\": 2.4, \"碳水\": 28.7}, {\"名稱\": \"青菜(白菜)\", \"熱量\": 13, \"脂肪\": 0.2, \"蛋白質\": 1.3, \"碳水\": 2.9}, {\"名稱\": \"肉類(肉丁)\", \"熱量\": 250, \"脂肪\": 18, \"蛋白質\": 20, \"碳水\": 0}, {\"名稱\": \"豬肉(燻肉)\", \"熱量\": 300, \"脂肪\": 25, \"蛋白質\": 20, \"碳水\": 0}, {\"名稱\": \"泡菜\", \"熱量\": 10, \"脂肪\": 0.1, \"蛋白質\": 0.5, \"碳水\": 2}]'),
(76, 'U40f24667937a0764e4117dba4741580b', '2025-03-24 15:38:50', '20250324153850U40f246679_result.jpg', '[{\"名稱\": \"豆酥鮮魚\", \"熱量\": 200, \"脂肪\": 10, \"蛋白質\": 25, \"碳水\": 0}, {\"名稱\": \"高麗菜\", \"熱量\": 25, \"脂肪\": 0.5, \"蛋白質\": 2, \"碳水\": 5}, {\"名稱\": \"咖哩鮮蔬\", \"熱量\": 150, \"脂肪\": 7, \"蛋白質\": 5, \"碳水\": 20}, {\"名稱\": \"白米飯\", \"熱量\": 180, \"脂肪\": 0.5, \"蛋白質\": 4, \"碳水\": 39}, {\"名稱\": \"黃瓜鮮菇湯\", \"熱量\": 30, \"脂肪\": 0.5, \"蛋白質\": 2, \"碳水\": 6}, {\"名稱\": \"綠蘋果\", \"熱量\": 95, \"脂肪\": 0.3, \"蛋白質\": 0.5, \"碳水\": 25}]'),
(77, 'U40f24667937a0764e4117dba4741580b', '2025-03-24 15:43:57', '20250324154357U40f246679_result.jpg', '[{\"名稱\": \"香菇\", \"熱量\": 22, \"脂肪\": 0.3, \"蛋白質\": 2.2, \"碳水\": 3.3}]'),
(78, 'U43ec78f0dd2b7b6f96336c96e551fba3', '2025-03-24 16:21:30', '20250324162130U43ec78f0d_result.jpg', '[{\"名稱\": \"熟麵條\", \"熱量\": 220, \"脂肪\": 3, \"蛋白質\": 8, \"碳水\": 40}, {\"名稱\": \"豚肉\", \"熱量\": 250, \"脂肪\": 20, \"蛋白質\": 22, \"碳水\": 0}, {\"名稱\": \"水煮蛋\", \"熱量\": 70, \"脂肪\": 5, \"蛋白質\": 6, \"碳水\": 1}, {\"名稱\": \"醬菜\", \"熱量\": 30, \"脂肪\": 1, \"蛋白質\": 1, \"碳水\": 6}]'),
(79, 'U43ec78f0dd2b7b6f96336c96e551fba3', '2025-03-24 16:27:43', '20250324162743U43ec78f0d_result.jpg', '[{\"名稱\": \"黑色食材（可能是炸食或麵團）\", \"熱量\": 300, \"脂肪\": 20, \"蛋白質\": 5, \"碳水\": 30}, {\"名稱\": \"白色食材（可能是涼皮或餅類）\", \"熱量\": 150, \"脂肪\": 2, \"蛋白質\": 3, \"碳水\": 35}]'),
(80, 'U43ec78f0dd2b7b6f96336c96e551fba3', '2025-03-24 16:29:49', '20250324162949U43ec78f0d_result.jpg', '[{\"名稱\": \"豬肉片\", \"熱量\": 250, \"脂肪\": 20, \"蛋白質\": 23, \"碳水\": 0}, {\"名稱\": \"熟麵條\", \"熱量\": 220, \"脂肪\": 3, \"蛋白質\": 7, \"碳水\": 43}, {\"名稱\": \"水煮蛋\", \"熱量\": 70, \"脂肪\": 5, \"蛋白質\": 6, \"碳水\": 1}, {\"名稱\": \"青醬配料（蔬菜）\", \"熱量\": 30, \"脂肪\": 1, \"蛋白質\": 1, \"碳水\": 6}]'),
(81, 'U64dfb17c57eeecad2d6a441ab83ab2d0', '2025-03-24 19:20:49', '20250324192049U64dfb17c5_result.jpg', '[{\"名稱\": \"龍蝦\", \"熱量\": 90, \"脂肪\": 1, \"蛋白質\": 19, \"碳水\": 0}, {\"名稱\": \"酪梨\", \"熱量\": 160, \"脂肪\": 15, \"蛋白質\": 2, \"碳水\": 9}, {\"名稱\": \"熱狗麵包\", \"熱量\": 120, \"脂肪\": 3, \"蛋白質\": 4, \"碳水\": 22}]'),
(82, 'U64dfb17c57eeecad2d6a441ab83ab2d0', '2025-03-24 19:39:12', '20250324193912U64dfb17c5_result.jpg', '[{\"名稱\": \"龍蝦\", \"熱量\": 145, \"脂肪\": 1.5, \"蛋白質\": 31, \"碳水\": 0.5}, {\"名稱\": \"酪梨\", \"熱量\": 160, \"脂肪\": 15, \"蛋白質\": 2, \"碳水\": 9}, {\"名稱\": \"熱狗麵包\", \"熱量\": 120, \"脂肪\": 2, \"蛋白質\": 4, \"碳水\": 22}]'),
(83, 'U64dfb17c57eeecad2d6a441ab83ab2d0', '2025-03-24 19:40:31', '20250324194031U64dfb17c5_result.jpg', '[{\"名稱\": \"鮭魚壽司\", \"熱量\": 200, \"脂肪\": 8, \"蛋白質\": 12, \"碳水\": 24}]'),
(84, 'U4bfbb93019e9b052b8ca94cb9bc77dfb', '2025-04-10 08:55:10', '20250410085510U4bfbb9301_result.jpg', '[{\"名稱\": \"三明治\", \"熱量\": 250, \"脂肪\": 10, \"蛋白質\": 15, \"碳水\": 30}]'),
(85, 'U64dfb17c57eeecad2d6a441ab83ab2d0', '2025-04-11 13:01:42', '20250411130142U64dfb17c5_result.jpg', '[{\"名稱\": \"白飯\", \"熱量\": 130, \"脂肪\": 0.3, \"蛋白質\": 2.4, \"碳水\": 28}, {\"名稱\": \"海苔\", \"熱量\": 35, \"脂肪\": 0.5, \"蛋白質\": 3.4, \"碳水\": 3.3}, {\"名稱\": \"魚鬆\", \"熱量\": 200, \"脂肪\": 10, \"蛋白質\": 25, \"碳水\": 0.5}, {\"名稱\": \"芝麻\", \"熱量\": 52, \"脂肪\": 4.5, \"蛋白質\": 1.6, \"碳水\": 2.1}, {\"名稱\": \"魚卵\", \"熱量\": 60, \"脂肪\": 3.5, \"蛋白質\": 5.5, \"碳水\": 2}]'),
(86, 'U64dfb17c57eeecad2d6a441ab83ab2d0', '2025-04-11 13:02:19', '20250411130219U64dfb17c5_result.jpg', '[{\"名稱\": \"天婦羅茄子\", \"熱量\": 90, \"脂肪\": 5, \"蛋白質\": 1, \"碳水\": 10}, {\"名稱\": \"天婦羅青椒\", \"熱量\": 30, \"脂肪\": 1, \"蛋白質\": 1, \"碳水\": 7}, {\"名稱\": \"天婦羅薯條\", \"熱量\": 180, \"脂肪\": 8, \"蛋白質\": 2, \"碳水\": 25}]'),
(87, 'U64dfb17c57eeecad2d6a441ab83ab2d0', '2025-04-27 12:24:07', '20250427122407U64dfb17c5_result.jpg', '[{\"名稱\": \"麵條\", \"熱量\": 138, \"脂肪\": 1.2, \"蛋白質\": 4.5, \"碳水\": 28}, {\"名稱\": \"肉類\", \"熱量\": 250, \"脂肪\": 20, \"蛋白質\": 18, \"碳水\": 0}, {\"名稱\": \"青菜\", \"熱量\": 20, \"脂肪\": 0.2, \"蛋白質\": 1, \"碳水\": 4}, {\"名稱\": \"高湯\", \"熱量\": 50, \"脂肪\": 2, \"蛋白質\": 5, \"碳水\": 4}]'),
(88, 'U64dfb17c57eeecad2d6a441ab83ab2d0', '2025-04-27 19:31:01', '20250427193101U64dfb17c5_result.jpg', '[{\"名稱\": \"鮪魚\", \"熱量\": 132, \"脂肪\": 5, \"蛋白質\": 28, \"碳水\": 0}, {\"名稱\": \"紫蘇葉\", \"熱量\": 4, \"脂肪\": 0.1, \"蛋白質\": 0.5, \"碳水\": 1}]'),
(89, 'U64dfb17c57eeecad2d6a441ab83ab2d0', '2025-04-27 19:31:57', '20250427193157U64dfb17c5_result.jpg', '[{\"名稱\": \"白飯\", \"熱量\": 130, \"脂肪\": 0.3, \"蛋白質\": 2.7, \"碳水\": 28.7}, {\"名稱\": \"生鮮魚片 (例如吞拿魚或鮭魚)\", \"熱量\": 200, \"脂肪\": 10, \"蛋白質\": 22, \"碳水\": 0}, {\"名稱\": \"蝦仁\", \"熱量\": 85, \"脂肪\": 1, \"蛋白質\": 18, \"碳水\": 0}, {\"名稱\": \"雞蛋 (蛋包)\", \"熱量\": 90, \"脂肪\": 6, \"蛋白質\": 6, \"碳水\": 1}, {\"名稱\": \"海帶芽或海藻\", \"熱量\": 15, \"脂肪\": 0.2, \"蛋白質\": 1, \"碳水\": 3}, {\"名稱\": \"醬油或調料\", \"熱量\": 10, \"脂肪\": 0, \"蛋白質\": 1, \"碳水\": 2}, {\"名稱\": \"酸橙\", \"熱量\": 20, \"脂肪\": 0, \"蛋白質\": 0.5, \"碳水\": 7}, {\"名稱\": \"生菜\", \"熱量\": 5, \"脂肪\": 0, \"蛋白質\": 0.5, \"碳水\": 1}]'),
(90, 'U4bfbb93019e9b052b8ca94cb9bc77dfb', '2025-04-30 12:45:59', '20250430124559U4bfbb9301_result.jpg', '[{\"名稱\": \"白米粉\", \"熱量\": 190, \"脂肪\": 0.5, \"蛋白質\": 4, \"碳水\": 43}, {\"名稱\": \"粉紅米粉\", \"熱量\": 190, \"脂肪\": 0.5, \"蛋白質\": 4, \"碳水\": 43}]'),
(91, 'U64dfb17c57eeecad2d6a441ab83ab2d0', '2025-05-04 12:48:19', '20250504124819U64dfb17c5_result.jpg', '[{\"名稱\": \"麵條\", \"熱量\": 220, \"脂肪\": 1, \"蛋白質\": 8, \"碳水\": 42}, {\"名稱\": \"豬肉（肉絲）\", \"熱量\": 250, \"脂肪\": 16, \"蛋白質\": 22, \"碳水\": 0}, {\"名稱\": \"蛋\", \"熱量\": 70, \"脂肪\": 5, \"蛋白質\": 6, \"碳水\": 1}, {\"名稱\": \"醬汁\", \"熱量\": 30, \"脂肪\": 1, \"蛋白質\": 1, \"碳水\": 6}]'),
(92, 'U64dfb17c57eeecad2d6a441ab83ab2d0', '2025-05-16 09:47:05', '20250516094705U64dfb17c5_result.jpg', '[{\"名稱\": \"意大利麵\", \"熱量\": 158, \"脂肪\": 1.1, \"蛋白質\": 5.7, \"碳水\": 31.5}, {\"名稱\": \"雞肉\", \"熱量\": 239, \"脂肪\": 14, \"蛋白質\": 27, \"碳水\": 0}, {\"名稱\": \"西葫蘆\", \"熱量\": 17, \"脂肪\": 0.2, \"蛋白質\": 1.2, \"碳水\": 3.1}, {\"名稱\": \"胡椒\", \"熱量\": 20, \"脂肪\": 0.2, \"蛋白質\": 1, \"碳水\": 4.8}, {\"名稱\": \"調味醬汁\", \"熱量\": 80, \"脂肪\": 5, \"蛋白質\": 1, \"碳水\": 7}]'),
(93, 'U64dfb17c57eeecad2d6a441ab83ab2d0', '2025-05-21 21:16:23', '20250521211623U64dfb17c5_result.jpg', '[{\"名稱\": \"全麥麵包\", \"熱量\": 250, \"脂肪\": 4, \"蛋白質\": 10, \"碳水\": 40}, {\"名稱\": \"雞肉\", \"熱量\": 300, \"脂肪\": 15, \"蛋白質\": 30, \"碳水\": 0}, {\"名稱\": \"黃瓜\", \"熱量\": 16, \"脂肪\": 0, \"蛋白質\": 1, \"碳水\": 3}, {\"名稱\": \"菠菜\", \"熱量\": 23, \"脂肪\": 0.5, \"蛋白質\": 3, \"碳水\": 4}, {\"名稱\": \"胡椒\", \"熱量\": 20, \"脂肪\": 0, \"蛋白質\": 1, \"碳水\": 5}, {\"名稱\": \"玉米\", \"熱量\": 30, \"脂肪\": 0.5, \"蛋白質\": 1, \"碳水\": 6}, {\"名稱\": \"蘑菇\", \"熱量\": 15, \"脂肪\": 0.2, \"蛋白質\": 2, \"碳水\": 2}, {\"名稱\": \"橘子\", \"熱量\": 47, \"脂肪\": 0.1, \"蛋白質\": 1, \"碳水\": 12}, {\"名稱\": \"醬汁\", \"熱量\": 50, \"脂肪\": 3, \"蛋白質\": 1, \"碳水\": 5}]'),
(94, 'U64dfb17c57eeecad2d6a441ab83ab2d0', '2025-05-21 21:23:47', '20250521212347U64dfb17c5_result.jpg', '[{\"名稱\": \"木瓜\", \"熱量\": 43, \"脂肪\": 0.4, \"蛋白質\": 0.5, \"碳水\": 10.4}, {\"名稱\": \"胡蘿蔔\", \"熱量\": 41, \"脂肪\": 0.2, \"蛋白質\": 0.9, \"碳水\": 9.6}, {\"名稱\": \"綠色蔬菜\", \"熱量\": 20, \"脂肪\": 0.3, \"蛋白質\": 1.5, \"碳水\": 3.6}, {\"名稱\": \"玉米\", \"熱量\": 86, \"脂肪\": 1.2, \"蛋白質\": 3.3, \"碳水\": 19.0}, {\"名稱\": \"紅色小蕃茄\", \"熱量\": 18, \"脂肪\": 0.2, \"蛋白質\": 0.9, \"碳水\": 3.9}, {\"名稱\": \"紫地瓜\", \"熱量\": 112, \"脂肪\": 0.1, \"蛋白質\": 2.0, \"碳水\": 26.0}, {\"名稱\": \"南瓜\", \"熱量\": 26, \"脂肪\": 0.1, \"蛋白質\": 1.0, \"碳水\": 6.5}, {\"名稱\": \"杏仁\", \"熱量\": 576, \"脂肪\": 50.0, \"蛋白質\": 21.2, \"碳水\": 21.6}]'),
(95, 'U64dfb17c57eeecad2d6a441ab83ab2d0', '2025-05-21 21:24:53', '20250521212453U64dfb17c5_result.jpg', '[{\"名稱\": \"南瓜\", \"熱量\": 26, \"脂肪\": 0.1, \"蛋白質\": 1, \"碳水\": 6.5}, {\"名稱\": \"紅蘿蔔\", \"熱量\": 41, \"脂肪\": 0.2, \"蛋白質\": 1, \"碳水\": 10}, {\"名稱\": \"青菜\", \"熱量\": 23, \"脂肪\": 0.3, \"蛋白質\": 2, \"碳水\": 4}, {\"名稱\": \"玉米\", \"熱量\": 86, \"脂肪\": 1.2, \"蛋白質\": 3.2, \"碳水\": 19}, {\"名稱\": \"白米\", \"熱量\": 130, \"脂肪\": 0.3, \"蛋白質\": 2.7, \"碳水\": 28}, {\"名稱\": \"紫山藥\", \"熱量\": 118, \"脂肪\": 0.1, \"蛋白質\": 2.2, \"碳水\": 27}, {\"名稱\": \"黃玉米\", \"熱量\": 86, \"脂肪\": 1.2, \"蛋白質\": 3.2, \"碳水\": 19}, {\"名稱\": \"松子\", \"熱量\": 673, \"脂肪\": 68, \"蛋白質\": 13.7, \"碳水\": 13.1}]'),
(96, 'U4bfbb93019e9b052b8ca94cb9bc77dfb', '2025-05-22 01:26:00', '20250522012600U4bfbb9301_result.jpg', '[{\"名稱\": \"鵝肝\", \"熱量\": 462, \"脂肪\": 45, \"蛋白質\": 8, \"碳水\": 0}, {\"名稱\": \"覆盆子\", \"熱量\": 52, \"脂肪\": 0.7, \"蛋白質\": 1.5, \"碳水\": 12.0}, {\"名稱\": \"胡蘿蔔\", \"熱量\": 41, \"脂肪\": 0.2, \"蛋白質\": 0.9, \"碳水\": 10}, {\"名稱\": \"洋葱奶油醬\", \"熱量\": 135, \"脂肪\": 10, \"蛋白質\": 1, \"碳水\": 8}]'),
(97, 'U4bfbb93019e9b052b8ca94cb9bc77dfb', '2025-05-22 01:54:11', '20250522015411U4bfbb9301_result.jpg', '[{\"名稱\": \"鮮奶油\", \"熱量\": 340, \"脂肪\": 36, \"蛋白質\": 2.5, \"碳水\": 2}, {\"名稱\": \"草莓\", \"熱量\": 32, \"脂肪\": 0.3, \"蛋白質\": 0.7, \"碳水\": 7.7}, {\"名稱\": \"藍莓\", \"熱量\": 57, \"脂肪\": 0.3, \"蛋白質\": 0.7, \"碳水\": 14.5}, {\"名稱\": \"黑莓\", \"熱量\": 43, \"脂肪\": 0.5, \"蛋白質\": 1.4, \"碳水\": 9.6}, {\"名稱\": \"橙子（作為裝飾）\", \"熱量\": 47, \"脂肪\": 0.1, \"蛋白質\": 0.9, \"碳水\": 12.2}, {\"名稱\": \"糖漿\", \"熱量\": 300, \"脂肪\": 0, \"蛋白質\": 0, \"碳水\": 75}]'),
(98, 'U40f24667937a0764e4117dba4741580b', '2025-05-31 10:09:51', '20250531100951U40f246679_result.jpg', '[{\"名稱\": \"雞肉\", \"熱量\": 239, \"脂肪\": 14, \"蛋白質\": 21, \"碳水\": 0}, {\"名稱\": \"青椒\", \"熱量\": 20, \"脂肪\": 0.2, \"蛋白質\": 1, \"碳水\": 4.7}, {\"名稱\": \"高麗菜\", \"熱量\": 25, \"脂肪\": 0.1, \"蛋白質\": 1.3, \"碳水\": 5.8}, {\"名稱\": \"米飯\", \"熱量\": 130, \"脂肪\": 0.3, \"蛋白質\": 2.7, \"碳水\": 28.6}, {\"名稱\": \"肉球\", \"熱量\": 120, \"脂肪\": 7, \"蛋白質\": 8, \"碳水\": 4}]'),
(99, 'U3ff7aa774f7ecd43e9a764a1db7d5208', '2025-06-06 13:49:48', '20250606134948U3ff7aa774_result.jpg', '[{\"名稱\": \"米飯\", \"熱量\": 130, \"脂肪\": 0.3, \"蛋白質\": 2.7, \"碳水\": 28.7}, {\"名稱\": \"雞肉\", \"熱量\": 250, \"脂肪\": 15, \"蛋白質\": 25, \"碳水\": 0}, {\"名稱\": \"魚豆腐 (或豆腐)\", \"熱量\": 80, \"脂肪\": 4, \"蛋白質\": 8, \"碳水\": 2}, {\"名稱\": \"涼拌菜（青瓜、胡椒、紅番茄）\", \"熱量\": 30, \"脂肪\": 0.2, \"蛋白質\": 1, \"碳水\": 7}, {\"名稱\": \"酸菜\", \"熱量\": 10, \"脂肪\": 0.1, \"蛋白質\": 0.5, \"碳水\": 2}]'),
(100, 'Uf288a65ba9d10ca072d4479e0909a7ff', '2025-06-06 13:50:34', '20250606135034Uf288a65ba_result.jpg', '[{\"名稱\": \"褐米\", \"熱量\": 111, \"脂肪\": 0.9, \"蛋白質\": 2.6, \"碳水\": 23.5}, {\"名稱\": \"胡蘿蔔絲\", \"熱量\": 41, \"脂肪\": 0.2, \"蛋白質\": 0.9, \"碳水\": 10}, {\"名稱\": \"綠色蔬菜（如青菜）\", \"熱量\": 25, \"脂肪\": 0.3, \"蛋白質\": 2, \"碳水\": 4}, {\"名稱\": \"豆腐\", \"熱量\": 76, \"脂肪\": 4.8, \"蛋白質\": 8, \"碳水\": 1.9}]'),
(101, 'Uf4d004f79fc34a3a14f76fa9bf5f92b0', '2025-06-06 13:50:50', '20250606135050Uf4d004f79_result.jpg', '[{\"名稱\": \"白米\", \"熱量\": 130, \"脂肪\": 0.3, \"蛋白質\": 2.7, \"碳水\": 28.6}, {\"名稱\": \"青菜\", \"熱量\": 25, \"脂肪\": 0.2, \"蛋白質\": 2.0, \"碳水\": 4.0}, {\"名稱\": \"蛋餅\", \"熱量\": 150, \"脂肪\": 10.0, \"蛋白質\": 6.0, \"碳水\": 11.0}, {\"名稱\": \"炸雞腿\", \"熱量\": 250, \"脂肪\": 15.0, \"蛋白質\": 25.0, \"碳水\": 1.0}, {\"名稱\": \"果汁\", \"熱量\": 80, \"脂肪\": 0.1, \"蛋白質\": 0.5, \"碳水\": 20.0}]'),
(102, 'Uf288a65ba9d10ca072d4479e0909a7ff', '2025-06-06 13:51:36', '20250606135136Uf288a65ba_result.jpg', '[{\"名稱\": \"米飯\", \"熱量\": 130, \"脂肪\": 0.3, \"蛋白質\": 2.7, \"碳水\": 28}, {\"名稱\": \"白魚\", \"熱量\": 120, \"脂肪\": 2, \"蛋白質\": 20, \"碳水\": 0}, {\"名稱\": \"雞蛋\", \"熱量\": 68, \"脂肪\": 4.8, \"蛋白質\": 5.5, \"碳水\": 0.6}, {\"名稱\": \"醃黃瓜\", \"熱量\": 20, \"脂肪\": 0, \"蛋白質\": 1, \"碳水\": 4}, {\"名稱\": \"番茄\", \"熱量\": 18, \"脂肪\": 0.2, \"蛋白質\": 0.9, \"碳水\": 4}, {\"名稱\": \"海鮮\", \"熱量\": 50, \"脂肪\": 1, \"蛋白質\": 10, \"碳水\": 0}]'),
(103, 'Ufbdb677271b672864aa726569ca608a0', '2025-06-06 13:52:02', '20250606135202Ufbdb67727_result.jpg', '[{\"名稱\": \"牛肉麵\", \"熱量\": 500, \"脂肪\": 15, \"蛋白質\": 30, \"碳水\": 70}, {\"名稱\": \"青菜\", \"熱量\": 30, \"脂肪\": 0.5, \"蛋白質\": 2, \"碳水\": 6}]'),
(104, 'Ufd124f3b746356e9d4e1f3dcda088293', '2025-06-06 13:52:37', '20250606135237Ufd124f3b7_result.jpg', '[{\"名稱\": \"綠豆\", \"熱量\": 340, \"脂肪\": 0.8, \"蛋白質\": 24, \"碳水\": 62}, {\"名稱\": \"黃豆\", \"熱量\": 446, \"脂肪\": 19.9, \"蛋白質\": 36, \"碳水\": 30}, {\"名稱\": \"紅豆\", \"熱量\": 337, \"脂肪\": 0.6, \"蛋白質\": 20, \"碳水\": 63}]'),
(105, 'Ufd124f3b746356e9d4e1f3dcda088293', '2025-06-06 13:52:47', '20250606135247Ufd124f3b7_result.jpg', '[{\"名稱\": \"炒麵\", \"熱量\": 200, \"脂肪\": 5, \"蛋白質\": 6, \"碳水\": 30}, {\"名稱\": \"滑豆腐\", \"熱量\": 80, \"脂肪\": 4, \"蛋白質\": 7, \"碳水\": 3}, {\"名稱\": \"蔬菜\", \"熱量\": 40, \"脂肪\": 0, \"蛋白質\": 2, \"碳水\": 10}, {\"名稱\": \"雞肉球\", \"熱量\": 150, \"脂肪\": 8, \"蛋白質\": 12, \"碳水\": 5}, {\"名稱\": \"水果沙拉\", \"熱量\": 60, \"脂肪\": 1, \"蛋白質\": 1, \"碳水\": 13}, {\"名稱\": \"湯\", \"熱量\": 50, \"脂肪\": 2, \"蛋白質\": 3, \"碳水\": 8}]'),
(106, 'U911510dfab7a1f9907320fef4b93fb27', '2025-06-06 13:53:48', '20250606135348U911510dfa_result.jpg', '[{\"名稱\": \"炸雞塊\", \"熱量\": 250, \"脂肪\": 15, \"蛋白質\": 20, \"碳水\": 10}, {\"名稱\": \"炒麵\", \"熱量\": 300, \"脂肪\": 10, \"蛋白質\": 9, \"碳水\": 50}, {\"名稱\": \"炒青菜\", \"熱量\": 100, \"脂肪\": 5, \"蛋白質\": 3, \"碳水\": 15}, {\"名稱\": \"湯\", \"熱量\": 50, \"脂肪\": 1, \"蛋白質\": 2, \"碳水\": 8}]'),
(107, 'U911510dfab7a1f9907320fef4b93fb27', '2025-06-06 13:56:09', '20250606135609U911510dfa_result.jpg', '[{\"名稱\": \"炸雞排\", \"熱量\": 300, \"脂肪\": 15, \"蛋白質\": 30, \"碳水\": 20}, {\"名稱\": \"白米飯\", \"熱量\": 200, \"脂肪\": 0.4, \"蛋白質\": 4, \"碳水\": 45}, {\"名稱\": \"水煮雞肉\", \"熱量\": 165, \"脂肪\": 3.6, \"蛋白質\": 31, \"碳水\": 0}, {\"名稱\": \"西蘭花\", \"熱量\": 55, \"脂肪\": 0.6, \"蛋白質\": 5, \"碳水\": 11}, {\"名稱\": \"玉米筍\", \"熱量\": 20, \"脂肪\": 0.2, \"蛋白質\": 1, \"碳水\": 4}, {\"名稱\": \"炒蛋\", \"熱量\": 90, \"脂肪\": 7, \"蛋白質\": 6, \"碳水\": 1}, {\"名稱\": \"生菜\", \"熱量\": 5, \"脂肪\": 0.1, \"蛋白質\": 0.5, \"碳水\": 1}, {\"名稱\": \"豆干\", \"熱量\": 80, \"脂肪\": 3, \"蛋白質\": 8, \"碳水\": 2}]'),
(108, 'U1218ec71e054316c77df5d39227f4b7d', '2025-06-06 13:56:27', '20250606135627U1218ec71e_result.jpg', '[{\"名稱\": \"茶\", \"熱量\": 2, \"脂肪\": 0, \"蛋白質\": 0, \"碳水\": 0}, {\"名稱\": \"咖啡\", \"熱量\": 1, \"脂肪\": 0, \"蛋白質\": 0, \"碳水\": 0}, {\"名稱\": \"果汁\", \"熱量\": 50, \"脂肪\": 0, \"蛋白質\": 0, \"碳水\": 13}]'),
(109, 'U8a0d9fd90c845903099ffce70c216f66', '2025-06-06 13:56:48', '20250606135648U8a0d9fd90_result.jpg', '[{\"名稱\": \"炒麵\", \"熱量\": 200, \"脂肪\": 5, \"蛋白質\": 6, \"碳水\": 33}, {\"名稱\": \"炒飯\", \"熱量\": 250, \"脂肪\": 8, \"蛋白質\": 6, \"碳水\": 42}, {\"名稱\": \"烤雞肉\", \"熱量\": 210, \"脂肪\": 9, \"蛋白質\": 27, \"碳水\": 0}, {\"名稱\": \"蔬菜（西蘭花、胡蘿蔔、番茄）\", \"熱量\": 50, \"脂肪\": 0.5, \"蛋白質\": 3, \"碳水\": 10}, {\"名稱\": \"蛋盅（含奶酪、蔬菜）\", \"熱量\": 150, \"脂肪\": 10, \"蛋白質\": 8, \"碳水\": 5}]'),
(110, 'U3cb0a1c935638f4cc455de2b289d461b', '2025-06-06 13:57:15', '20250606135715U3cb0a1c93_result.jpg', '[{\"名稱\": \"紅蘿蔔\", \"熱量\": 41, \"脂肪\": 0.24, \"蛋白質\": 0.93, \"碳水\": 9.58}, {\"名稱\": \"小黃瓜\", \"熱量\": 16, \"脂肪\": 0.11, \"蛋白質\": 0.65, \"碳水\": 3.63}, {\"名稱\": \"西紅柿\", \"熱量\": 18, \"脂肪\": 0.2, \"蛋白質\": 0.9, \"碳水\": 3.9}, {\"名稱\": \"紅椒\", \"熱量\": 26, \"脂肪\": 0.2, \"蛋白質\": 0.99, \"碳水\": 5.88}, {\"名稱\": \"紫甘藍\", \"熱量\": 31, \"脂肪\": 0.2, \"蛋白質\": 1.4, \"碳水\": 7.6}]'),
(111, 'U3cb0a1c935638f4cc455de2b289d461b', '2025-06-06 13:58:25', '20250606135825U3cb0a1c93_result.jpg', '[{\"名稱\": \"水餃\", \"熱量\": 40, \"脂肪\": 1.2, \"蛋白質\": 2.5, \"碳水\": 6.8}, {\"名稱\": \"蔬菜湯\", \"熱量\": 15, \"脂肪\": 0.2, \"蛋白質\": 0.5, \"碳水\": 3.0}]'),
(112, 'U69b8bbc251b415b93d823b37ff068dff', '2025-06-06 13:58:43', '20250606135843U69b8bbc25_result.jpg', '[{\"名稱\": \"炒飯\", \"熱量\": 200, \"脂肪\": 5, \"蛋白質\": 4, \"碳水\": 36}, {\"名稱\": \"清湯\", \"熱量\": 30, \"脂肪\": 1, \"蛋白質\": 2, \"碳水\": 6}, {\"名稱\": \"炸物（天婦羅）\", \"熱量\": 300, \"脂肪\": 18, \"蛋白質\": 6, \"碳水\": 30}, {\"名稱\": \"烏龍麵\", \"熱量\": 220, \"脂肪\": 2, \"蛋白質\": 7, \"碳水\": 42}, {\"名稱\": \"燒魚\", \"熱量\": 250, \"脂肪\": 15, \"蛋白質\": 20, \"碳水\": 0}, {\"名稱\": \"涼拌小菜\", \"熱量\": 50, \"脂肪\": 2, \"蛋白質\": 3, \"碳水\": 6}, {\"名稱\": \"味噌湯\", \"熱量\": 50, \"脂肪\": 1.5, \"蛋白質\": 3, \"碳水\": 8}]'),
(113, 'U84f93948b192ce7df0a9303c495b5c14', '2025-06-06 14:00:12', '20250606140012U84f93948b_result.jpg', '[{\"名稱\": \"嗑脆餅\", \"熱量\": 150, \"脂肪\": 8, \"蛋白質\": 2, \"碳水\": 15}]'),
(114, 'U3cb0a1c935638f4cc455de2b289d461b', '2025-06-06 14:00:32', '20250606140032U3cb0a1c93_result.jpg', '[{\"名稱\": \"茄子\", \"熱量\": 25, \"脂肪\": 0.2, \"蛋白質\": 1, \"碳水\": 6}, {\"名稱\": \"花生\", \"熱量\": 567, \"脂肪\": 49, \"蛋白質\": 25, \"碳水\": 16}, {\"名稱\": \"醬汁\", \"熱量\": 50, \"脂肪\": 3, \"蛋白質\": 1, \"碳水\": 5}, {\"名稱\": \"青菜\", \"熱量\": 20, \"脂肪\": 0.2, \"蛋白質\": 2, \"碳水\": 4}]'),
(115, 'U84f93948b192ce7df0a9303c495b5c14', '2025-06-06 14:00:41', '20250606140041U84f93948b_result.jpg', '[{\"名稱\": \"雞肉\", \"熱量\": 239, \"脂肪\": 14, \"蛋白質\": 27, \"碳水\": 0}, {\"名稱\": \"炒麵\", \"熱量\": 200, \"脂肪\": 6, \"蛋白質\": 5, \"碳水\": 35}, {\"名稱\": \"綠色蔬菜\", \"熱量\": 35, \"脂肪\": 0.5, \"蛋白質\": 2, \"碳水\": 7}, {\"名稱\": \"小玉米\", \"熱量\": 35, \"脂肪\": 0.5, \"蛋白質\": 1, \"碳水\": 7}, {\"名稱\": \"馬鈴薯\", \"熱量\": 77, \"脂肪\": 0.1, \"蛋白質\": 2, \"碳水\": 17}, {\"名稱\": \"香菇\", \"熱量\": 34, \"脂肪\": 0.5, \"蛋白質\": 2, \"碳水\": 6}, {\"名稱\": \"蒸蛋\", \"熱量\": 130, \"脂肪\": 8, \"蛋白質\": 10, \"碳水\": 2}, {\"名稱\": \"豆腐\", \"熱量\": 70, \"脂肪\": 4, \"蛋白質\": 8, \"碳水\": 2}]'),
(116, 'U3cb0a1c935638f4cc455de2b289d461b', '2025-06-06 14:01:14', '20250606140114U3cb0a1c93_result.jpg', '[{\"名稱\": \"巧克力蛋糕\", \"熱量\": 350, \"脂肪\": 20, \"蛋白質\": 5, \"碳水\": 40}]'),
(117, 'U3cb0a1c935638f4cc455de2b289d461b', '2025-06-06 14:01:44', '20250606140144U3cb0a1c93_result.jpg', '[{\"名稱\": \"生菜\", \"熱量\": 15, \"脂肪\": 0.2, \"蛋白質\": 1.3, \"碳水\": 2.9}, {\"名稱\": \"紅甘藍\", \"熱量\": 31, \"脂肪\": 0.2, \"蛋白質\": 1.4, \"碳水\": 7.0}, {\"名稱\": \"胡蘿蔔\", \"熱量\": 41, \"脂肪\": 0.2, \"蛋白質\": 0.9, \"碳水\": 9.6}]'),
(118, 'U3cb0a1c935638f4cc455de2b289d461b', '2025-06-06 14:02:37', '20250606140237U3cb0a1c93_result.jpg', '[{\"名稱\": \"玉米餅\", \"熱量\": 150, \"脂肪\": 4, \"蛋白質\": 3, \"碳水\": 26}, {\"名稱\": \"馬鈴薯\", \"熱量\": 130, \"脂肪\": 0.2, \"蛋白質\": 2, \"碳水\": 30}, {\"名稱\": \"沙拉（生菜、紅蘿蔔、甜菜等）\", \"熱量\": 50, \"脂肪\": 0.5, \"蛋白質\": 2, \"碳水\": 10}, {\"名稱\": \"番茄醬\", \"熱量\": 30, \"脂肪\": 0, \"蛋白質\": 1, \"碳水\": 7}, {\"名稱\": \"醬汁\", \"熱量\": 80, \"脂肪\": 7, \"蛋白質\": 1, \"碳水\": 5}]'),
(119, 'U84f93948b192ce7df0a9303c495b5c14', '2025-06-06 14:02:49', '20250606140249U84f93948b_result.jpg', '[{\"名稱\": \"炸雞肉\", \"熱量\": 250, \"脂肪\": 12, \"蛋白質\": 20, \"碳水\": 15}, {\"名稱\": \"飯\", \"熱量\": 200, \"脂肪\": 3, \"蛋白質\": 4, \"碳水\": 45}, {\"名稱\": \"煮青菜\", \"熱量\": 50, \"脂肪\": 1, \"蛋白質\": 3, \"碳水\": 10}, {\"名稱\": \"洋蔥頭\", \"熱量\": 30, \"脂肪\": 0.1, \"蛋白質\": 1, \"碳水\": 7}, {\"名稱\": \"甜地瓜球\", \"熱量\": 150, \"脂肪\": 6, \"蛋白質\": 2, \"碳水\": 24}]'),
(120, 'Uc635ca9765a8dfe69e16f34754add6e2', '2025-06-06 14:03:09', '20250606140309Uc635ca976_result.jpg', '[{\"名稱\": \"白米飯\", \"熱量\": 130, \"脂肪\": 0.3, \"蛋白質\": 2.4, \"碳水\": 28}, {\"名稱\": \"燒肉\", \"熱量\": 250, \"脂肪\": 20, \"蛋白質\": 18, \"碳水\": 0}]'),
(121, 'U598d26906f6d935ef836de8edc6a0a5e', '2025-06-06 14:03:49', '20250606140349U598d26906_result.jpg', '[{\"名稱\": \"巧克力水果糖\", \"熱量\": 120, \"脂肪\": 5, \"蛋白質\": 1, \"碳水\": 20}]'),
(122, 'U69b8bbc251b415b93d823b37ff068dff', '2025-06-06 14:03:53', '20250606140353U69b8bbc25_result.jpg', '[{\"名稱\": \"鮭魚\", \"熱量\": 206, \"脂肪\": 13, \"蛋白質\": 22, \"碳水\": 0}, {\"名稱\": \"蕎麥麵\", \"熱量\": 336, \"脂肪\": 2.5, \"蛋白質\": 14, \"碳水\": 70}, {\"名稱\": \"綠豆\", \"熱量\": 35, \"脂肪\": 0.2, \"蛋白質\": 2.5, \"碳水\": 7}, {\"名稱\": \"水波蛋\", \"熱量\": 70, \"脂肪\": 5, \"蛋白質\": 6, \"碳水\": 1}]'),
(123, 'U572d1f2290fc1de18c28fb098473059a', '2025-06-06 14:04:59', '20250606140459U572d1f229_result.jpg', '[{\"名稱\": \"米飯\", \"熱量\": 130, \"脂肪\": 0.3, \"蛋白質\": 2.7, \"碳水\": 28}, {\"名稱\": \"蛋餅\", \"熱量\": 180, \"脂肪\": 10, \"蛋白質\": 6, \"碳水\": 20}, {\"名稱\": \"青菜\", \"熱量\": 33, \"脂肪\": 0.3, \"蛋白質\": 2.5, \"碳水\": 6}, {\"名稱\": \"生菜\", \"熱量\": 5, \"脂肪\": 0.1, \"蛋白質\": 0.5, \"碳水\": 1}, {\"名稱\": \"鹹蛋\", \"熱量\": 90, \"脂肪\": 7, \"蛋白質\": 6, \"碳水\": 1}, {\"名稱\": \"肉片\", \"熱量\": 150, \"脂肪\": 10, \"蛋白質\": 15, \"碳水\": 0}, {\"名稱\": \"豆腐\", \"熱量\": 70, \"脂肪\": 4, \"蛋白質\": 7, \"碳水\": 2}, {\"名稱\": \"高湯\", \"熱量\": 30, \"脂肪\": 1, \"蛋白質\": 3, \"碳水\": 5}, {\"名稱\": \"香蔥\", \"熱量\": 1, \"脂肪\": 0, \"蛋白質\": 0, \"碳水\": 0.3}, {\"名稱\": \"海帶\", \"熱量\": 20, \"脂肪\": 0.1, \"蛋白質\": 1, \"碳水\": 4}]'),
(124, 'U69b8bbc251b415b93d823b37ff068dff', '2025-06-06 14:05:30', '20250606140530U69b8bbc25_result.jpg', '[{\"名稱\": \"巧克力蛋糕\", \"熱量\": 250, \"脂肪\": 10, \"蛋白質\": 4, \"碳水\": 36}, {\"名稱\": \"草莓\", \"熱量\": 32, \"脂肪\": 0.3, \"蛋白質\": 0.7, \"碳水\": 7.7}, {\"名稱\": \"奶油\", \"熱量\": 100, \"脂肪\": 11, \"蛋白質\": 0.5, \"碳水\": 0.5}]'),
(125, 'U69b8bbc251b415b93d823b37ff068dff', '2025-06-06 14:09:43', '20250606140943U69b8bbc25_result.jpg', '[{\"名稱\": \"白米飯\", \"熱量\": 130, \"脂肪\": 0.3, \"蛋白質\": 2.4, \"碳水\": 28}, {\"名稱\": \"雜菜肉醬\", \"熱量\": 250, \"脂肪\": 10, \"蛋白質\": 15, \"碳水\": 30}, {\"名稱\": \"香菜\", \"熱量\": 23, \"脂肪\": 0.5, \"蛋白質\": 2.1, \"碳水\": 3.7}]'),
(126, 'U911510dfab7a1f9907320fef4b93fb27', '2025-06-06 15:20:16', '20250606152016U911510dfa_result.jpg', '[{\"名稱\": \"甜甜圈\", \"熱量\": 300, \"脂肪\": 15, \"蛋白質\": 4, \"碳水\": 36}, {\"名稱\": \"蛋糕\", \"熱量\": 250, \"脂肪\": 10, \"蛋白質\": 3, \"碳水\": 35}, {\"名稱\": \"綠豆糕\", \"熱量\": 200, \"脂肪\": 8, \"蛋白質\": 5, \"碳水\": 30}]'),
(127, 'U911510dfab7a1f9907320fef4b93fb27', '2025-06-06 15:20:34', '20250606152034U911510dfa_result.jpg', '[{\"名稱\": \"麵包\", \"熱量\": 250, \"脂肪\": 8, \"蛋白質\": 7, \"碳水\": 40}, {\"名稱\": \"抹茶菠蘿包\", \"熱量\": 300, \"脂肪\": 12, \"蛋白質\": 5, \"碳水\": 45}, {\"名稱\": \"蛋糕\", \"熱量\": 150, \"脂肪\": 5, \"蛋白質\": 3, \"碳水\": 22}]'),
(128, 'U911510dfab7a1f9907320fef4b93fb27', '2025-06-06 15:20:58', '20250606152058U911510dfa_result.jpg', '[{\"名稱\": \"甜甜圈\", \"熱量\": 250, \"脂肪\": 12, \"蛋白質\": 3, \"碳水\": 32}, {\"名稱\": \"綠茶麵包\", \"熱量\": 200, \"脂肪\": 8, \"蛋白質\": 4, \"碳水\": 28}, {\"名稱\": \"蛋糕\", \"熱量\": 150, \"脂肪\": 7, \"蛋白質\": 2, \"碳水\": 20}]'),
(129, 'U911510dfab7a1f9907320fef4b93fb27', '2025-06-06 16:23:56', '20250606162356U911510dfa_result.jpg', '[{\"名稱\": \"甜甜圈\", \"熱量\": 195, \"脂肪\": 11, \"蛋白質\": 2, \"碳水\": 22}, {\"名稱\": \"綠茶麵包\", \"熱量\": 210, \"脂肪\": 9, \"蛋白質\": 5, \"碳水\": 30}, {\"名稱\": \"糕點\", \"熱量\": 150, \"脂肪\": 7, \"蛋白質\": 3, \"碳水\": 20}]'),
(130, 'U911510dfab7a1f9907320fef4b93fb27', '2025-06-06 16:24:13', '20250606162413U911510dfa_result.jpg', '[{\"名稱\": \"甜甜圈\", \"熱量\": 250, \"脂肪\": 10, \"蛋白質\": 3, \"碳水\": 40}, {\"名稱\": \"綠茶麵包\", \"熱量\": 300, \"脂肪\": 12, \"蛋白質\": 6, \"碳水\": 45}, {\"名稱\": \"奶酪\", \"熱量\": 150, \"脂肪\": 8, \"蛋白質\": 4, \"碳水\": 15}]'),
(131, 'U911510dfab7a1f9907320fef4b93fb27', '2025-06-06 16:25:05', '20250606162505U911510dfa_result.jpg', '[{\"名稱\": \"甜甜圈\", \"熱量\": 250, \"脂肪\": 12, \"蛋白質\": 3, \"碳水\": 34}, {\"名稱\": \"綠茶泡芙\", \"熱量\": 300, \"脂肪\": 15, \"蛋白質\": 6, \"碳水\": 38}, {\"名稱\": \"乳酪蛋糕\", \"熱量\": 200, \"脂肪\": 10, \"蛋白質\": 4, \"碳水\": 26}]'),
(132, 'U91e8214e92fcdf8d28853f02f64bb3a3', '2025-06-06 17:43:25', '20250606174325U91e8214e9_result.jpg', '[{\"名稱\": \"圓白菜\", \"熱量\": 25, \"脂肪\": 0.1, \"蛋白質\": 1.3, \"碳水\": 5.8}, {\"名稱\": \"胡蘿蔔\", \"熱量\": 41, \"脂肪\": 0.2, \"蛋白質\": 0.9, \"碳水\": 9.6}]'),
(133, 'U3cb0a1c935638f4cc455de2b289d461b', '2025-06-06 19:13:09', '20250606191309U3cb0a1c93_result.jpg', '[{\"名稱\": \"米粉\", \"熱量\": 220, \"脂肪\": 0.5, \"蛋白質\": 4.5, \"碳水\": 45}, {\"名稱\": \"青椒\", \"熱量\": 20, \"脂肪\": 0.2, \"蛋白質\": 0.9, \"碳水\": 4.7}, {\"名稱\": \"紅蘿蔔\", \"熱量\": 41, \"脂肪\": 0.2, \"蛋白質\": 0.9, \"碳水\": 10}, {\"名稱\": \"黃豆芽\", \"熱量\": 31, \"脂肪\": 0.2, \"蛋白質\": 3.5, \"碳水\": 6}, {\"名稱\": \"花生碎\", \"熱量\": 567, \"脂肪\": 49, \"蛋白質\": 25, \"碳水\": 16}]'),
(134, 'U3cb0a1c935638f4cc455de2b289d461b', '2025-06-06 19:13:58', '20250606191358U3cb0a1c93_result.jpg', '[{\"名稱\": \"起司（可能為植物性起司）\", \"熱量\": 250, \"脂肪\": 20, \"蛋白質\": 8, \"碳水\": 5}, {\"名稱\": \"餅乾（玉米或穀類餅乾）\", \"熱量\": 100, \"脂肪\": 4, \"蛋白質\": 2, \"碳水\": 15}, {\"名稱\": \"香草起司（植物性）\", \"熱量\": 200, \"脂肪\": 15, \"蛋白質\": 6, \"碳水\": 10}, {\"名稱\": \"紅色起司（植物性）\", \"熱量\": 220, \"脂肪\": 18, \"蛋白質\": 5, \"碳水\": 6}, {\"名稱\": \"香草香料起司（植物性）\", \"熱量\": 240, \"脂肪\": 20, \"蛋白質\": 7, \"碳水\": 4}]'),
(135, 'U3cb0a1c935638f4cc455de2b289d461b', '2025-06-06 19:14:53', '20250606191453U3cb0a1c93_result.jpg', '[{\"名稱\": \"青芒果\", \"熱量\": 60, \"脂肪\": 0.4, \"蛋白質\": 0.8, \"碳水\": 15}]'),
(136, 'U3cb0a1c935638f4cc455de2b289d461b', '2025-06-06 19:15:49', '20250606191549U3cb0a1c93_result.jpg', '[{\"名稱\": \"燒肉\", \"熱量\": 250, \"脂肪\": 15, \"蛋白質\": 20, \"碳水\": 5}, {\"名稱\": \"洋蔥\", \"熱量\": 40, \"脂肪\": 0.1, \"蛋白質\": 1, \"碳水\": 9}, {\"名稱\": \"薯條（脆）\", \"熱量\": 300, \"脂肪\": 15, \"蛋白質\": 3, \"碳水\": 45}, {\"名稱\": \"香草\", \"熱量\": 2, \"脂肪\": 0, \"蛋白質\": 0, \"碳水\": 0.4}]'),
(137, 'U3cb0a1c935638f4cc455de2b289d461b', '2025-06-06 19:17:14', '20250606191714U3cb0a1c93_result.jpg', '[{\"名稱\": \"紅薯\", \"熱量\": 90, \"脂肪\": 0.1, \"蛋白質\": 2, \"碳水\": 21}, {\"名稱\": \"黑豆\", \"熱量\": 114, \"脂肪\": 0.5, \"蛋白質\": 8, \"碳水\": 20}, {\"名稱\": \"鷹嘴豆\", \"熱量\": 164, \"脂肪\": 2.6, \"蛋白質\": 9, \"碳水\": 27}, {\"名稱\": \"鰐梨\", \"熱量\": 160, \"脂肪\": 15, \"蛋白質\": 2, \"碳水\": 9}, {\"名稱\": \"綠色沙拉蔬菜\", \"熱量\": 20, \"脂肪\": 0.2, \"蛋白質\": 1, \"碳水\": 4}, {\"名稱\": \"布魯塞爾芽菜\", \"熱量\": 38, \"脂肪\": 0.3, \"蛋白質\": 3, \"碳水\": 8}]');
INSERT INTO `Food_Recognition` (`no`, `User_ID`, `Time_upload`, `Image_name`, `Food_name`) VALUES
(138, 'U3cb0a1c935638f4cc455de2b289d461b', '2025-06-06 19:19:30', '20250606191930U3cb0a1c93_result.jpg', '[{\"名稱\": \"大麥\", \"熱量\": 354, \"脂肪\": 2.3, \"蛋白質\": 13.2, \"碳水\": 73.5}, {\"名稱\": \"蘋果\", \"熱量\": 52, \"脂肪\": 0.2, \"蛋白質\": 0.3, \"碳水\": 14}, {\"名稱\": \"水\", \"熱量\": 0, \"脂肪\": 0, \"蛋白質\": 0, \"碳水\": 0}, {\"名稱\": \"牛肉\", \"熱量\": 250, \"脂肪\": 20, \"蛋白質\": 26, \"碳水\": 0}]'),
(139, 'U3cb0a1c935638f4cc455de2b289d461b', '2025-06-06 19:21:11', '20250606192111U3cb0a1c93_result.jpg', '[{\"名稱\": \"芦笋\", \"熱量\": 20, \"脂肪\": 0.2, \"蛋白質\": 2.2, \"碳水\": 3.7}, {\"名稱\": \"鷹嘴豆泥\", \"熱量\": 166, \"脂肪\": 9.6, \"蛋白質\": 8.1, \"碳水\": 15.5}, {\"名稱\": \"調味醬\", \"熱量\": 50, \"脂肪\": 5, \"蛋白質\": 0.5, \"碳水\": 2}]'),
(140, 'U3cb0a1c935638f4cc455de2b289d461b', '2025-06-06 19:24:33', '20250606192433U3cb0a1c93_result.jpg', '[{\"名稱\": \"豆腥湯（假設由小扁豆製成）\", \"熱量\": 150, \"脂肪\": 3, \"蛋白質\": 10, \"碳水\": 25}]'),
(141, 'U3cb0a1c935638f4cc455de2b289d461b', '2025-06-06 19:27:10', '20250606192710U3cb0a1c93_result.jpg', '[{\"名稱\": \"藜麥\", \"熱量\": 120, \"脂肪\": 2, \"蛋白質\": 4, \"碳水\": 21}, {\"名稱\": \"鷹嘴豆\", \"熱量\": 164, \"脂肪\": 2.6, \"蛋白質\": 8.9, \"碳水\": 27.4}, {\"名稱\": \"意大利麵\", \"熱量\": 200, \"脂肪\": 1.2, \"蛋白質\": 7, \"碳水\": 42}, {\"名稱\": \"甜菜根\", \"熱量\": 43, \"脂肪\": 0.2, \"蛋白質\": 1.6, \"碳水\": 10}, {\"名稱\": \"西蘭花\", \"熱量\": 55, \"脂肪\": 0.6, \"蛋白質\": 3.7, \"碳水\": 11.2}, {\"名稱\": \"小黃瓜\", \"熱量\": 16, \"脂肪\": 0.1, \"蛋白質\": 0.7, \"碳水\": 3.8}, {\"名稱\": \"生菜\", \"熱量\": 5, \"脂肪\": 0.1, \"蛋白質\": 0.5, \"碳水\": 1.2}, {\"名稱\": \"香菜\", \"熱量\": 23, \"脂肪\": 0.5, \"蛋白質\": 2.1, \"碳水\": 3.7}]'),
(142, 'U3cb0a1c935638f4cc455de2b289d461b', '2025-06-06 19:28:59', '20250606192859U3cb0a1c93_result.jpg', '[{\"名稱\": \"燕麥\", \"熱量\": 389, \"脂肪\": 7, \"蛋白質\": 16, \"碳水\": 66}, {\"名稱\": \"杏仁\", \"熱量\": 576, \"脂肪\": 50, \"蛋白質\": 21, \"碳水\": 22}, {\"名稱\": \"南瓜子\", \"熱量\": 559, \"脂肪\": 49, \"蛋白質\": 30, \"碳水\": 16}]'),
(143, 'U3cb0a1c935638f4cc455de2b289d461b', '2025-06-06 19:30:47', '20250606193047U3cb0a1c93_result.jpg', '[{\"名稱\": \"西蘭花\", \"熱量\": 55, \"脂肪\": 0.6, \"蛋白質\": 4.7, \"碳水\": 11.2}, {\"名稱\": \"紅卷心菜\", \"熱量\": 31, \"脂肪\": 0.2, \"蛋白質\": 1.4, \"碳水\": 7.4}, {\"名稱\": \"小土豆\", \"熱量\": 77, \"脂肪\": 0.1, \"蛋白質\": 2, \"碳水\": 17.5}, {\"名稱\": \"南瓜\", \"熱量\": 26, \"脂肪\": 0.1, \"蛋白質\": 1, \"碳水\": 7}, {\"名稱\": \"醬汁\", \"熱量\": 80, \"脂肪\": 5, \"蛋白質\": 1, \"碳水\": 9}]'),
(144, 'U3cb0a1c935638f4cc455de2b289d461b', '2025-06-06 19:32:14', '20250606193214U3cb0a1c93_result.jpg', '[{\"名稱\": \"壽司米\", \"熱量\": 130, \"脂肪\": 0.3, \"蛋白質\": 2.4, \"碳水\": 28}, {\"名稱\": \"鮭魚\", \"熱量\": 206, \"脂肪\": 13, \"蛋白質\": 22, \"碳水\": 0}, {\"名稱\": \"酪梨\", \"熱量\": 160, \"脂肪\": 15, \"蛋白質\": 2, \"碳水\": 9}, {\"名稱\": \"黃瓜\", \"熱量\": 16, \"脂肪\": 0.1, \"蛋白質\": 0.7, \"碳水\": 4}, {\"名稱\": \"海苔\", \"熱量\": 35, \"脂肪\": 0.5, \"蛋白質\": 3.7, \"碳水\": 6}]'),
(145, 'Ua2f857a695ff03e470b270c4d7df6999', '2025-06-06 22:07:44', '20250606220744Ua2f857a69_result.jpg', '[{\"名稱\": \"即食麵\", \"熱量\": 380, \"脂肪\": 14, \"蛋白質\": 8, \"碳水\": 54}, {\"名稱\": \"雞蛋\", \"熱量\": 155, \"脂肪\": 11, \"蛋白質\": 13, \"碳水\": 1.1}, {\"名稱\": \"魚露或醬油\", \"熱量\": 10, \"脂肪\": 0, \"蛋白質\": 0, \"碳水\": 1}, {\"名稱\": \"蔬菜（如菠菜、青菜等）\", \"熱量\": 30, \"脂肪\": 0.5, \"蛋白質\": 3, \"碳水\": 5}]'),
(146, 'Ue1e583fc9effa726b706037f524020ad', '2025-06-07 09:22:17', '20250607092217Ue1e583fc9_result.jpg', '[{\"名稱\": \"薯條\", \"熱量\": 365, \"脂肪\": 17, \"蛋白質\": 3.4, \"碳水\": 63}]'),
(147, 'U0cf638f9cdb72ba61749baad8f4976e6', '2025-06-07 14:36:01', '20250607143601U0cf638f9c_result.jpg', '[{\"名稱\": \"蛋\", \"熱量\": 155, \"脂肪\": 11.0, \"蛋白質\": 13.0, \"碳水\": 1.1}, {\"名稱\": \"培根\", \"熱量\": 541, \"脂肪\": 42.0, \"蛋白質\": 37.0, \"碳水\": 1.4}, {\"名稱\": \"小番茄\", \"熱量\": 18, \"脂肪\": 0.2, \"蛋白質\": 0.9, \"碳水\": 3.9}, {\"名稱\": \"洋蔥\", \"熱量\": 40, \"脂肪\": 0.1, \"蛋白質\": 1.1, \"碳水\": 9.3}, {\"名稱\": \"香草\", \"熱量\": 0, \"脂肪\": 0.0, \"蛋白質\": 0.0, \"碳水\": 0.0}]'),
(148, 'U0cf638f9cdb72ba61749baad8f4976e6', '2025-06-07 18:59:24', '20250607185924U0cf638f9c_result.jpg', '[{\"名稱\": \"甜玉米\", \"熱量\": 100, \"脂肪\": 1.5, \"蛋白質\": 3, \"碳水\": 21}, {\"名稱\": \"雞肉粥\", \"熱量\": 150, \"脂肪\": 6, \"蛋白質\": 10, \"碳水\": 18}, {\"名稱\": \"米湯\", \"熱量\": 40, \"脂肪\": 0.2, \"蛋白質\": 1, \"碳水\": 9}]'),
(149, 'Uf288a65ba9d10ca072d4479e0909a7ff', '2025-06-08 18:16:22', '20250608181622Uf288a65ba_result.jpg', '[{\"名稱\": \"蛋\", \"熱量\": 155, \"脂肪\": 11, \"蛋白質\": 13, \"碳水\": 1}, {\"名稱\": \"西蘭花\", \"熱量\": 34, \"脂肪\": 0.4, \"蛋白質\": 3, \"碳水\": 7}, {\"名稱\": \"高麗菜\", \"熱量\": 25, \"脂肪\": 0.1, \"蛋白質\": 1.3, \"碳水\": 5}, {\"名稱\": \"香菇\", \"熱量\": 22, \"脂肪\": 0.3, \"蛋白質\": 3.1, \"碳水\": 4.2}, {\"名稱\": \"雞肉\", \"熱量\": 165, \"脂肪\": 3.6, \"蛋白質\": 31, \"碳水\": 0}]'),
(150, 'Ued4e29bf50b82ea3ceb5a64d07bd9007', '2025-06-09 12:49:44', '20250609124944Ued4e29bf5_result.jpg', '[{\"名稱\": \"餃子\", \"熱量\": 250, \"脂肪\": 10, \"蛋白質\": 12, \"碳水\": 30}, {\"名稱\": \"醬油\", \"熱量\": 10, \"脂肪\": 0, \"蛋白質\": 1, \"碳水\": 2}, {\"名稱\": \"姜絲\", \"熱量\": 5, \"脂肪\": 0, \"蛋白質\": 0, \"碳水\": 1}]'),
(151, 'Ued4e29bf50b82ea3ceb5a64d07bd9007', '2025-06-09 12:51:10', '20250609125110Ued4e29bf5_result.jpg', '[{\"名稱\": \"肉圓\", \"熱量\": 200, \"脂肪\": 10, \"蛋白質\": 15, \"碳水\": 25}, {\"名稱\": \"豬肉高湯\", \"熱量\": 30, \"脂肪\": 1, \"蛋白質\": 5, \"碳水\": 0}]'),
(152, 'U3ea9f388995761a085c655dc81a9f6be', '2025-06-10 14:52:56', '20250610145256U3ea9f3889_result.jpg', '[{\"名稱\": \"花生棒\", \"熱量\": 200, \"脂肪\": 10, \"蛋白質\": 8, \"碳水\": 25}]'),
(153, 'U579c7b68bd69f892bc7af0c47e55c808', '2025-06-11 07:21:49', '20250611072149U579c7b68b_result.jpg', '[{\"名稱\": \"麵條\", \"熱量\": 200, \"脂肪\": 1.5, \"蛋白質\": 7, \"碳水\": 42}, {\"名稱\": \"豆腐\", \"熱量\": 70, \"脂肪\": 4, \"蛋白質\": 8, \"碳水\": 2}, {\"名稱\": \"青菜（如青江菜）\", \"熱量\": 20, \"脂肪\": 0.2, \"蛋白質\": 2, \"碳水\": 4}, {\"名稱\": \"香菇\", \"熱量\": 35, \"脂肪\": 0.5, \"蛋白質\": 2, \"碳水\": 7}, {\"名稱\": \"醬汁\", \"熱量\": 30, \"脂肪\": 1, \"蛋白質\": 1, \"碳水\": 6}, {\"名稱\": \"酸菜\", \"熱量\": 15, \"脂肪\": 0.3, \"蛋白質\": 1, \"碳水\": 3}]'),
(154, 'U91e8214e92fcdf8d28853f02f64bb3a3', '2025-06-11 10:45:45', '20250611104545U91e8214e9_result.jpg', '[{\"名稱\": \"親吻瑪德琳蛋糕\", \"熱量\": 430, \"脂肪\": 20, \"蛋白質\": 4, \"碳水\": 65}, {\"名稱\": \"香草捲蛋糕\", \"熱量\": 370, \"脂肪\": 18, \"蛋白質\": 5, \"碳水\": 52}, {\"名稱\": \"檸檬戚風蛋糕\", \"熱量\": 290, \"脂肪\": 10, \"蛋白質\": 6, \"碳水\": 46}, {\"名稱\": \"薯泥餅\", \"熱量\": 280, \"脂肪\": 14, \"蛋白質\": 3, \"碳水\": 36}]'),
(155, 'U91e8214e92fcdf8d28853f02f64bb3a3', '2025-06-11 10:46:44', '20250611104644U91e8214e9_result.jpg', '[{\"名稱\": \"冰淇淋\", \"熱量\": 207, \"脂肪\": 11, \"蛋白質\": 3, \"碳水\": 27}, {\"名稱\": \"飲料\", \"熱量\": 50, \"脂肪\": 0, \"蛋白質\": 0, \"碳水\": 13}, {\"名稱\": \"餅乾\", \"熱量\": 120, \"脂肪\": 6, \"蛋白質\": 1, \"碳水\": 16}, {\"名稱\": \"乳製品\", \"熱量\": 100, \"脂肪\": 4, \"蛋白質\": 6, \"碳水\": 10}, {\"名稱\": \"果汁\", \"熱量\": 60, \"脂肪\": 0, \"蛋白質\": 1, \"碳水\": 14}]'),
(156, 'U91e8214e92fcdf8d28853f02f64bb3a3', '2025-06-11 10:51:10', '20250611105110U91e8214e9_result.jpg', '[{\"名稱\": \"海鮮燴飯\", \"熱量\": 200, \"脂肪\": 5, \"蛋白質\": 10, \"碳水\": 30}, {\"名稱\": \"青口貝\", \"熱量\": 150, \"脂肪\": 2, \"蛋白質\": 24, \"碳水\": 7}, {\"名稱\": \"米\", \"熱量\": 130, \"脂肪\": 0.5, \"蛋白質\": 2.5, \"碳水\": 28}]'),
(157, 'U3cb0a1c935638f4cc455de2b289d461b', '2025-06-11 17:01:34', '20250611170134U3cb0a1c93_result.jpg', '[{\"名稱\": \"花生\", \"熱量\": 567, \"脂肪\": 49, \"蛋白質\": 26, \"碳水\": 16}, {\"名稱\": \"醬汁\", \"熱量\": 50, \"脂肪\": 3, \"蛋白質\": 1, \"碳水\": 4}, {\"名稱\": \"茄子\", \"熱量\": 25, \"脂肪\": 0, \"蛋白質\": 1, \"碳水\": 6}, {\"名稱\": \"青菜\", \"熱量\": 25, \"脂肪\": 0, \"蛋白質\": 1, \"碳水\": 4}]'),
(158, 'U3cb0a1c935638f4cc455de2b289d461b', '2025-06-11 17:02:30', '20250611170230U3cb0a1c93_result.jpg', '[{\"名稱\": \"青芒果\", \"熱量\": 60, \"脂肪\": 0.4, \"蛋白質\": 0.8, \"碳水\": 15}]'),
(159, 'U3cb0a1c935638f4cc455de2b289d461b', '2025-06-11 17:03:14', '20250611170314U3cb0a1c93_result.jpg', '[{\"名稱\": \"漢堡包\", \"熱量\": 250, \"脂肪\": 10, \"蛋白質\": 12, \"碳水\": 30}, {\"名稱\": \"生菜沙拉（含小番茄、彩椒）\", \"熱量\": 50, \"脂肪\": 1, \"蛋白質\": 2, \"碳水\": 10}]'),
(160, 'U3cb0a1c935638f4cc455de2b289d461b', '2025-06-11 17:03:48', '20250611170348U3cb0a1c93_result.jpg', '[{\"名稱\": \"紫甘藍\", \"熱量\": 27, \"脂肪\": 0.1, \"蛋白質\": 1.3, \"碳水\": 6.2}, {\"名稱\": \"花生\", \"熱量\": 567, \"脂肪\": 49.2, \"蛋白質\": 25.8, \"碳水\": 16.1}, {\"名稱\": \"醬油\", \"熱量\": 53, \"脂肪\": 0, \"蛋白質\": 7, \"碳水\": 7}, {\"名稱\": \"橄欖油\", \"熱量\": 884, \"脂肪\": 100, \"蛋白質\": 0, \"碳水\": 0}]'),
(161, 'U64dfb17c57eeecad2d6a441ab83ab2d0', '2025-06-12 16:10:20', '20250612161020U64dfb17c5_result.jpg', '[{\"名稱\": \"白飯\", \"熱量\": 130, \"脂肪\": 0.3, \"蛋白質\": 2.4, \"碳水\": 28.6}, {\"名稱\": \"炸雞\", \"熱量\": 250, \"脂肪\": 15, \"蛋白質\": 20, \"碳水\": 10}, {\"名稱\": \"溏心蛋\", \"熱量\": 70, \"脂肪\": 5, \"蛋白質\": 6, \"碳水\": 0.5}, {\"名稱\": \"蔥花\", \"熱量\": 5, \"脂肪\": 0.1, \"蛋白質\": 0.1, \"碳水\": 1}, {\"名稱\": \"醬料\", \"熱量\": 50, \"脂肪\": 3, \"蛋白質\": 0.5, \"碳水\": 6}, {\"名稱\": \"醃漬菜\", \"熱量\": 15, \"脂肪\": 0, \"蛋白質\": 0.5, \"碳水\": 3}]'),
(162, 'Ued4e29bf50b82ea3ceb5a64d07bd9007', '2025-06-12 19:17:17', '20250612191717Ued4e29bf5_result.jpg', '[{\"名稱\": \"雞蛋白\", \"熱量\": 52, \"脂肪\": 0.2, \"蛋白質\": 11, \"碳水\": 0.7}, {\"名稱\": \"酸奶\", \"熱量\": 59, \"脂肪\": 3.3, \"蛋白質\": 3.5, \"碳水\": 4.7}]'),
(163, 'Ufe93f938f989af5b91410587a09e9410', '2025-06-13 09:48:51', '20250613094851Ufe93f938f_result.jpg', '[{\"名稱\": \"白米\", \"熱量\": 130, \"脂肪\": 0.3, \"蛋白質\": 2.4, \"碳水\": 28}, {\"名稱\": \"雞肉\", \"熱量\": 239, \"脂肪\": 10.9, \"蛋白質\": 33.6, \"碳水\": 0}, {\"名稱\": \"鴨肉\", \"熱量\": 337, \"脂肪\": 21, \"蛋白質\": 18, \"碳水\": 0}, {\"名稱\": \"青菜\", \"熱量\": 25, \"脂肪\": 0.1, \"蛋白質\": 1, \"碳水\": 5}, {\"名稱\": \"滷蛋\", \"熱量\": 70, \"脂肪\": 5, \"蛋白質\": 6, \"碳水\": 1}]'),
(164, 'Ue11ca5a6a8cd4f5475ffdf5dcaf65135', '2025-06-13 09:49:18', '20250613094918Ue11ca5a6a_result.jpg', '[{\"名稱\": \"米飯\", \"熱量\": 130, \"脂肪\": 0.3, \"蛋白質\": 2.4, \"碳水\": 28}, {\"名稱\": \"炸雞\", \"熱量\": 350, \"脂肪\": 22, \"蛋白質\": 25, \"碳水\": 20}, {\"名稱\": \"小玉米\", \"熱量\": 25, \"脂肪\": 0.1, \"蛋白質\": 1.5, \"碳水\": 5}, {\"名稱\": \"沙拉\", \"熱量\": 50, \"脂肪\": 2, \"蛋白質\": 1, \"碳水\": 8}]'),
(165, 'U28ed4c27dd0e40f02d6bbda19d0b33fc', '2025-06-13 09:49:37', '20250613094937U28ed4c27d_result.jpg', '[{\"名稱\": \"鮑魚\", \"熱量\": 148, \"脂肪\": 4.6, \"蛋白質\": 24, \"碳水\": 0.7}, {\"名稱\": \"西蘭花\", \"熱量\": 55, \"脂肪\": 0.6, \"蛋白質\": 3.7, \"碳水\": 11.2}, {\"名稱\": \"花椰菜\", \"熱量\": 25, \"脂肪\": 0.3, \"蛋白質\": 2.0, \"碳水\": 4.0}, {\"名稱\": \"胡蘿蔔\", \"熱量\": 41, \"脂肪\": 0.2, \"蛋白質\": 0.9, \"碳水\": 9.6}, {\"名稱\": \"魚子醬\", \"熱量\": 250, \"脂肪\": 16.0, \"蛋白質\": 22.0, \"碳水\": 1.0}]'),
(166, 'Ufe93f938f989af5b91410587a09e9410', '2025-06-13 09:49:48', '20250613094948Ufe93f938f_result.jpg', '[{\"名稱\": \"豆腐\", \"熱量\": 76, \"脂肪\": 4.8, \"蛋白質\": 8, \"碳水\": 1.9}, {\"名稱\": \"胡蘿蔔\", \"熱量\": 41, \"脂肪\": 0.2, \"蛋白質\": 0.9, \"碳水\": 9.6}, {\"名稱\": \"香菇\", \"熱量\": 22, \"脂肪\": 0.3, \"蛋白質\": 2.2, \"碳水\": 3.3}, {\"名稱\": \"白菜\", \"熱量\": 13, \"脂肪\": 0.2, \"蛋白質\": 1.3, \"碳水\": 2.2}, {\"名稱\": \"紅棗\", \"熱量\": 277, \"脂肪\": 0.2, \"蛋白質\": 2.5, \"碳水\": 75.6}, {\"名稱\": \"海帶\", \"熱量\": 43, \"脂肪\": 0.2, \"蛋白質\": 1.6, \"碳水\": 9.6}]'),
(167, 'Ue11ca5a6a8cd4f5475ffdf5dcaf65135', '2025-06-13 09:50:18', '20250613095018Ue11ca5a6a_result.jpg', '[{\"名稱\": \"牛肉\", \"熱量\": 250, \"脂肪\": 20, \"蛋白質\": 26, \"碳水\": 0}, {\"名稱\": \"海鮮豆腐湯\", \"熱量\": 100, \"脂肪\": 5, \"蛋白質\": 10, \"碳水\": 8}, {\"名稱\": \"水餃\", \"熱量\": 220, \"脂肪\": 6, \"蛋白質\": 10, \"碳水\": 32}]'),
(168, 'Ufe93f938f989af5b91410587a09e9410', '2025-06-13 09:50:36', '20250613095036Ufe93f938f_result.jpg', '[{\"名稱\": \"烤雞\", \"熱量\": 239, \"脂肪\": 13, \"蛋白質\": 27, \"碳水\": 0}]'),
(169, 'Ufe93f938f989af5b91410587a09e9410', '2025-06-13 09:51:15', '20250613095115Ufe93f938f_result.jpg', '[{\"名稱\": \"未提供食材\", \"熱量\": 0, \"脂肪\": 0, \"蛋白質\": 0, \"碳水\": 0}]'),
(170, 'Uae3375b2d161b2971676577bc2d5f2cb', '2025-06-13 09:51:34', '20250613095134Uae3375b2d_result.jpg', '[{\"名稱\": \"泡麵\", \"熱量\": 380, \"脂肪\": 14, \"蛋白質\": 8, \"碳水\": 56}, {\"名稱\": \"豬肉\", \"熱量\": 250, \"脂肪\": 20, \"蛋白質\": 20, \"碳水\": 0}, {\"名稱\": \"蔬菜（胡蘿蔔、青菜等）\", \"熱量\": 50, \"脂肪\": 0.5, \"蛋白質\": 2, \"碳水\": 10}, {\"名稱\": \"湯底\", \"熱量\": 50, \"脂肪\": 2, \"蛋白質\": 2, \"碳水\": 8}]'),
(171, 'Ufe93f938f989af5b91410587a09e9410', '2025-06-13 09:51:54', '20250613095154Ufe93f938f_result.jpg', '[{\"名稱\": \"炸雞腿\", \"熱量\": 320, \"脂肪\": 22, \"蛋白質\": 28, \"碳水\": 0}]'),
(172, 'Ufe93f938f989af5b91410587a09e9410', '2025-06-13 09:52:46', '20250613095246Ufe93f938f_result.jpg', '[{\"名稱\": \"牛肉片\", \"熱量\": 250, \"脂肪\": 20, \"蛋白質\": 26, \"碳水\": 0}, {\"名稱\": \"豬肉片\", \"熱量\": 300, \"脂肪\": 25, \"蛋白質\": 21, \"碳水\": 0}, {\"名稱\": \"羊肉片\", \"熱量\": 294, \"脂肪\": 22, \"蛋白質\": 25, \"碳水\": 0}]'),
(173, 'Ufe93f938f989af5b91410587a09e9410', '2025-06-13 09:53:44', '20250613095344Ufe93f938f_result.jpg', '[{\"名稱\": \"未提供具體食材\", \"熱量\": 0, \"脂肪\": 0, \"蛋白質\": 0, \"碳水\": 0}]'),
(174, 'Ufe93f938f989af5b91410587a09e9410', '2025-06-13 09:54:30', '20250613095430Ufe93f938f_result.jpg', '[{\"名稱\": \"炸雞\", \"熱量\": 250, \"脂肪\": 15, \"蛋白質\": 20, \"碳水\": 10}, {\"名稱\": \"豬肉片\", \"熱量\": 300, \"脂肪\": 25, \"蛋白質\": 20, \"碳水\": 0}, {\"名稱\": \"白米\", \"熱量\": 200, \"脂肪\": 0.5, \"蛋白質\": 4, \"碳水\": 45}, {\"名稱\": \"青菜\", \"熱量\": 30, \"脂肪\": 0.2, \"蛋白質\": 2, \"碳水\": 5}]'),
(175, 'U2a626ac7514c120685ff174cef799540', '2025-06-13 13:41:48', '20250613134148U2a626ac75_result.jpg', '[{\"名稱\": \"米線\", \"熱量\": 191, \"脂肪\": 0.6, \"蛋白質\": 4.3, \"碳水\": 43.9}, {\"名稱\": \"牛肉\", \"熱量\": 250, \"脂肪\": 15, \"蛋白質\": 26, \"碳水\": 0}, {\"名稱\": \"菜心\", \"熱量\": 20, \"脂肪\": 0.2, \"蛋白質\": 1.5, \"碳水\": 3.1}, {\"名稱\": \"湯底\", \"熱量\": 50, \"脂肪\": 2, \"蛋白質\": 2, \"碳水\": 5}, {\"名稱\": \"香菜\", \"熱量\": 23, \"脂肪\": 0.5, \"蛋白質\": 2.0, \"碳水\": 3.7}]'),
(176, 'U2a626ac7514c120685ff174cef799540', '2025-06-13 13:41:57', '20250613134157U2a626ac75_result.jpg', '[{\"名稱\": \"春捲\", \"熱量\": 210, \"脂肪\": 10, \"蛋白質\": 6, \"碳水\": 25}, {\"名稱\": \"蝦\", \"熱量\": 20, \"脂肪\": 0.5, \"蛋白質\": 4, \"碳水\": 0}]'),
(177, 'U3ea9f388995761a085c655dc81a9f6be', '2025-06-13 15:10:45', '20250613151045U3ea9f3889_result.jpg', '[{\"名稱\": \"蒸米糕\", \"熱量\": 143, \"脂肪\": 0.4, \"蛋白質\": 3.1, \"碳水\": 32.9}, {\"名稱\": \"花生粉\", \"熱量\": 588, \"脂肪\": 49.2, \"蛋白質\": 25.8, \"碳水\": 16.1}]'),
(178, 'U3ea9f388995761a085c655dc81a9f6be', '2025-06-13 15:11:14', '20250613151114U3ea9f3889_result.jpg', '[{\"名稱\": \"米糕\", \"熱量\": 170, \"脂肪\": 0.5, \"蛋白質\": 2.2, \"碳水\": 37}, {\"名稱\": \"花生粉\", \"熱量\": 570, \"脂肪\": 50, \"蛋白質\": 25, \"碳水\": 20}]'),
(179, 'U3ea9f388995761a085c655dc81a9f6be', '2025-06-13 15:12:12', '20250613151212U3ea9f3889_result.jpg', '[{\"名稱\": \"西螺麻糬\", \"熱量\": 150, \"脂肪\": 3, \"蛋白質\": 2, \"碳水\": 30}, {\"名稱\": \"花生粉\", \"熱量\": 570, \"脂肪\": 45, \"蛋白質\": 25, \"碳水\": 20}]'),
(180, 'U3ea9f388995761a085c655dc81a9f6be', '2025-06-14 10:43:29', '20250614104329U3ea9f3889_result.jpg', '[{\"名稱\": \"咖啡\", \"熱量\": 2, \"脂肪\": 0, \"蛋白質\": 0, \"碳水\": 1}, {\"名稱\": \"包子\", \"熱量\": 250, \"脂肪\": 8, \"蛋白質\": 9, \"碳水\": 41}]'),
(181, 'U4281a926f92349120e17bd9882405056', '2025-06-20 23:00:11', '20250620230011U4281a926f_result.jpg', '[{\"名稱\": \"拌麵\", \"熱量\": 450, \"脂肪\": 15, \"蛋白質\": 20, \"碳水\": 65}, {\"名稱\": \"青菜\", \"熱量\": 50, \"脂肪\": 1, \"蛋白質\": 3, \"碳水\": 10}, {\"名稱\": \"飲料\", \"熱量\": 100, \"脂肪\": 0, \"蛋白質\": 0, \"碳水\": 25}]'),
(182, 'U40f24667937a0764e4117dba4741580b', '2025-06-21 10:18:58', '20250621101858U40f246679_result.jpg', '[{\"名稱\": \"白米飯\", \"熱量\": 130, \"脂肪\": 0.3, \"蛋白質\": 2.7, \"碳水\": 28}, {\"名稱\": \"香腸\", \"熱量\": 300, \"脂肪\": 25, \"蛋白質\": 12, \"碳水\": 2}, {\"名稱\": \"炸雞塊\", \"熱量\": 250, \"脂肪\": 15, \"蛋白質\": 11, \"碳水\": 20}, {\"名稱\": \"炒高麗菜\", \"熱量\": 30, \"脂肪\": 0.2, \"蛋白質\": 1, \"碳水\": 6}, {\"名稱\": \"黃瓜\", \"熱量\": 16, \"脂肪\": 0.2, \"蛋白質\": 0.7, \"碳水\": 3}]'),
(183, 'U2a626ac7514c120685ff174cef799540', '2025-06-21 14:15:16', '20250621141516U2a626ac75_result.jpg', '[{\"名稱\": \"魚片\", \"熱量\": 200, \"脂肪\": 10, \"蛋白質\": 25, \"碳水\": 0}, {\"名稱\": \"湯底\", \"熱量\": 50, \"脂肪\": 2, \"蛋白質\": 5, \"碳水\": 8}, {\"名稱\": \"蔥花\", \"熱量\": 5, \"脂肪\": 0, \"蛋白質\": 0.5, \"碳水\": 1}, {\"名稱\": \"香菜\", \"熱量\": 1, \"脂肪\": 0, \"蛋白質\": 0.1, \"碳水\": 0.2}, {\"名稱\": \"醬料\", \"熱量\": 30, \"脂肪\": 3, \"蛋白質\": 0, \"碳水\": 2}]'),
(184, 'U64dfb17c57eeecad2d6a441ab83ab2d0', '2025-07-01 18:48:17', '20250701184817U64dfb17c5_result.jpg', '[{\"名稱\": \"魚（如鱸魚）\", \"熱量\": 200, \"脂肪\": 10, \"蛋白質\": 22, \"碳水\": 0}, {\"名稱\": \"辛辣醬（可能包含油）」\", \"熱量\": 100, \"脂肪\": 5, \"蛋白質\": 1, \"碳水\": 15}, {\"名稱\": \"蔬菜（如油菜）\", \"熱量\": 25, \"脂肪\": 0.5, \"蛋白質\": 1, \"碳水\": 5}]'),
(185, 'U64dfb17c57eeecad2d6a441ab83ab2d0', '2025-07-01 19:21:39', '20250701192139U64dfb17c5_result.jpg', '[{\"名稱\": \"豚肉\", \"熱量\": 250, \"脂肪\": 15, \"蛋白質\": 25, \"碳水\": 0}, {\"名稱\": \"半熟蛋\", \"熱量\": 70, \"脂肪\": 5, \"蛋白質\": 6, \"碳水\": 1}, {\"名稱\": \"醬油\", \"熱量\": 10, \"脂肪\": 0, \"蛋白質\": 0, \"碳水\": 2}, {\"名稱\": \"蔥花\", \"熱量\": 5, \"脂肪\": 0, \"蛋白質\": 0, \"碳水\": 1}, {\"名稱\": \"美乃滋\", \"熱量\": 100, \"脂肪\": 11, \"蛋白質\": 0, \"碳水\": 1}, {\"名稱\": \"米飯\", \"熱量\": 200, \"脂肪\": 0.4, \"蛋白質\": 4, \"碳水\": 46}, {\"名稱\": \"海苔\", \"熱量\": 10, \"脂肪\": 0.5, \"蛋白質\": 1, \"碳水\": 1}]'),
(186, 'U071e558b1ca79bf2a4c18123a82b7861', '2025-07-02 15:58:25', '20250702155825U071e558b1_result.jpg', '[{\"名稱\": \"白米\", \"熱量\": 130, \"脂肪\": 0.3, \"蛋白質\": 2.7, \"碳水\": 28.7}, {\"名稱\": \"牛肉\", \"熱量\": 250, \"脂肪\": 20, \"蛋白質\": 25, \"碳水\": 0}, {\"名稱\": \"香腸\", \"熱量\": 300, \"脂肪\": 25, \"蛋白質\": 12, \"碳水\": 2}, {\"名稱\": \"青菜\", \"熱量\": 25, \"脂肪\": 0.2, \"蛋白質\": 1, \"碳水\": 5}, {\"名稱\": \"番茄炒蛋\", \"熱量\": 150, \"脂肪\": 8, \"蛋白質\": 6, \"碳水\": 12}, {\"名稱\": \"醬油\", \"熱量\": 10, \"脂肪\": 0, \"蛋白質\": 0.5, \"碳水\": 2}]'),
(187, 'U9d07ac40358f8d7b4db9802bd89e40d7', '2025-07-03 11:01:00', '20250703110100U9d07ac403_result.jpg', '[{\"名稱\": \"米粉\", \"熱量\": 220, \"脂肪\": 1, \"蛋白質\": 4, \"碳水\": 45}, {\"名稱\": \"滷肉\", \"熱量\": 300, \"脂肪\": 25, \"蛋白質\": 15, \"碳水\": 5}, {\"名稱\": \"青菜\", \"熱量\": 30, \"脂肪\": 0, \"蛋白質\": 2, \"碳水\": 5}, {\"名稱\": \"醃製蔬菜\", \"熱量\": 20, \"脂肪\": 0, \"蛋白質\": 0, \"碳水\": 5}, {\"名稱\": \"香菜\", \"熱量\": 5, \"脂肪\": 0, \"蛋白質\": 0, \"碳水\": 1}]'),
(188, 'Ufe86ef387a109293349cee089be51c62', '2025-07-03 16:19:39', '20250703161939Ufe86ef387_result.jpg', '[{\"名稱\": \"白米飯\", \"熱量\": 130, \"脂肪\": 0.3, \"蛋白質\": 2.7, \"碳水\": 28}, {\"名稱\": \"紅燒肉\", \"熱量\": 250, \"脂肪\": 20, \"蛋白質\": 15, \"碳水\": 5}, {\"名稱\": \"青菜（如小白菜、空心菜）\", \"熱量\": 30, \"脂肪\": 0.5, \"蛋白質\": 1.5, \"碳水\": 5}, {\"名稱\": \"燴菜（如南瓜、胡蘿蔔、玉米）\", \"熱量\": 60, \"脂肪\": 1, \"蛋白質\": 1, \"碳水\": 13}, {\"名稱\": \"四季豆\", \"熱量\": 35, \"脂肪\": 0.2, \"蛋白質\": 2, \"碳水\": 7}]'),
(189, 'Ufc87f2e2f49962d6f7dccf633ef190e1', '2025-07-03 18:14:33', '20250703181433Ufc87f2e2f_result.jpg', '[{\"名稱\": \"火龍果\", \"熱量\": 60, \"脂肪\": 0.4, \"蛋白質\": 1.2, \"碳水\": 13}, {\"名稱\": \"藍莓\", \"熱量\": 57, \"脂肪\": 0.3, \"蛋白質\": 0.7, \"碳水\": 14}, {\"名稱\": \"奇異果\", \"熱量\": 61, \"脂肪\": 0.5, \"蛋白質\": 1.1, \"碳水\": 15}]'),
(190, 'Ufc87f2e2f49962d6f7dccf633ef190e1', '2025-07-03 18:15:21', '20250703181521Ufc87f2e2f_result.jpg', '[{\"名稱\": \"火龍果（白肉）\", \"熱量\": 60, \"脂肪\": 0.6, \"蛋白質\": 1.2, \"碳水\": 13}, {\"名稱\": \"藍莓\", \"熱量\": 57, \"脂肪\": 0.3, \"蛋白質\": 0.7, \"碳水\": 14}]'),
(191, 'Ufc87f2e2f49962d6f7dccf633ef190e1', '2025-07-03 22:22:43', '20250703222243Ufc87f2e2f_result.jpg', '[{\"名稱\": \"雞肉\", \"熱量\": 239, \"脂肪\": 11, \"蛋白質\": 28, \"碳水\": 0}, {\"名稱\": \"豬肉\", \"熱量\": 242, \"脂肪\": 15, \"蛋白質\": 26, \"碳水\": 0}, {\"名稱\": \"麵條\", \"熱量\": 150, \"脂肪\": 2, \"蛋白質\": 5, \"碳水\": 30}, {\"名稱\": \"肉湯\", \"熱量\": 37, \"脂肪\": 2, \"蛋白質\": 3, \"碳水\": 6}, {\"名稱\": \"香菜\", \"熱量\": 1, \"脂肪\": 0, \"蛋白質\": 0, \"碳水\": 1}]'),
(192, 'Ufc87f2e2f49962d6f7dccf633ef190e1', '2025-07-04 07:42:07', '20250704074207Ufc87f2e2f_result.jpg', '[{\"名稱\": \"土豆泥\", \"熱量\": 120, \"脂肪\": 5, \"蛋白質\": 2, \"碳水\": 18}, {\"名稱\": \"菜豆\", \"熱量\": 60, \"脂肪\": 0.5, \"蛋白質\": 4, \"碳水\": 10}, {\"名稱\": \"胡蘿蔔\", \"熱量\": 41, \"脂肪\": 0.2, \"蛋白質\": 1, \"碳水\": 10}, {\"名稱\": \"黃瓜\", \"熱量\": 16, \"脂肪\": 0.1, \"蛋白質\": 0.7, \"碳水\": 4}, {\"名稱\": \"海藻\", \"熱量\": 35, \"脂肪\": 0.5, \"蛋白質\": 2, \"碳水\": 7}, {\"名稱\": \"雞蛋\", \"熱量\": 155, \"脂肪\": 11, \"蛋白質\": 13, \"碳水\": 1}, {\"名稱\": \"番茄\", \"熱量\": 18, \"脂肪\": 0.2, \"蛋白質\": 0.9, \"碳水\": 3}, {\"名稱\": \"蛋皮\", \"熱量\": 40, \"脂肪\": 2, \"蛋白質\": 4, \"碳水\": 1}]'),
(193, 'Ufc87f2e2f49962d6f7dccf633ef190e1', '2025-07-04 07:42:43', '20250704074243Ufc87f2e2f_result.jpg', '[{\"名稱\": \"紅蘿蔔\", \"熱量\": 41, \"脂肪\": 0.2, \"蛋白質\": 0.9, \"碳水\": 10}, {\"名稱\": \"彩椒（紅、黃、綠）\", \"熱量\": 20, \"脂肪\": 0.2, \"蛋白質\": 1, \"碳水\": 5}, {\"名稱\": \"洋蔥\", \"熱量\": 40, \"脂肪\": 0.1, \"蛋白質\": 1.1, \"碳水\": 9.3}, {\"名稱\": \"青瓜\", \"熱量\": 16, \"脂肪\": 0.1, \"蛋白質\": 0.7, \"碳水\": 3.6}]'),
(194, 'Ufc87f2e2f49962d6f7dccf633ef190e1', '2025-07-04 07:43:26', '20250704074326Ufc87f2e2f_result.jpg', '[{\"名稱\": \"雞蛋捲\", \"熱量\": 155, \"脂肪\": 11, \"蛋白質\": 13, \"碳水\": 1}, {\"名稱\": \"青椒\", \"熱量\": 20, \"脂肪\": 0, \"蛋白質\": 1, \"碳水\": 5}, {\"名稱\": \"香菇\", \"熱量\": 22, \"脂肪\": 0.2, \"蛋白質\": 2.2, \"碳水\": 4.6}, {\"名稱\": \"玉米筍\", \"熱量\": 26, \"脂肪\": 0.3, \"蛋白質\": 1.2, \"碳水\": 5.8}]'),
(195, 'Ufc87f2e2f49962d6f7dccf633ef190e1', '2025-07-04 07:43:59', '20250704074359Ufc87f2e2f_result.jpg', '[{\"名稱\": \"豬肉\", \"熱量\": 242, \"脂肪\": 15, \"蛋白質\": 24, \"碳水\": 0}, {\"名稱\": \"豆腐\", \"熱量\": 144, \"脂肪\": 8, \"蛋白質\": 16, \"碳水\": 2}, {\"名稱\": \"黃瓜\", \"熱量\": 16, \"脂肪\": 0, \"蛋白質\": 1, \"碳水\": 4}, {\"名稱\": \"南瓜\", \"熱量\": 26, \"脂肪\": 0, \"蛋白質\": 1, \"碳水\": 6}, {\"名稱\": \"青菜\", \"熱量\": 23, \"脂肪\": 0, \"蛋白質\": 2, \"碳水\": 4}, {\"名稱\": \"紅蘿蔔\", \"熱量\": 41, \"脂肪\": 0, \"蛋白質\": 1, \"碳水\": 10}]'),
(196, 'Ufc87f2e2f49962d6f7dccf633ef190e1', '2025-07-04 07:44:22', '20250704074422Ufc87f2e2f_result.jpg', '[{\"名稱\": \"米漿\", \"熱量\": 100, \"脂肪\": 1, \"蛋白質\": 2, \"碳水\": 22}, {\"名稱\": \"調味醬料\", \"熱量\": 50, \"脂肪\": 2, \"蛋白質\": 1, \"碳水\": 8}, {\"名稱\": \"番茄\", \"熱量\": 18, \"脂肪\": 0.2, \"蛋白質\": 0.9, \"碳水\": 3.9}]'),
(197, 'Ufc87f2e2f49962d6f7dccf633ef190e1', '2025-07-04 09:35:17', '20250704093517Ufc87f2e2f_result.jpg', '[{\"名稱\": \"雞蛋捲\", \"熱量\": 155, \"脂肪\": 11.0, \"蛋白質\": 13.0, \"碳水\": 1.0}, {\"名稱\": \"玉米筍\", \"熱量\": 26, \"脂肪\": 0.3, \"蛋白質\": 1.2, \"碳水\": 5.8}, {\"名稱\": \"香菇\", \"熱量\": 22, \"脂肪\": 0.2, \"蛋白質\": 2.4, \"碳水\": 4.6}, {\"名稱\": \"青椒\", \"熱量\": 20, \"脂肪\": 0.1, \"蛋白質\": 1.0, \"碳水\": 5.0}]'),
(198, 'U64dfb17c57eeecad2d6a441ab83ab2d0', '2025-07-04 09:43:12', '20250704094312U64dfb17c5_result.jpg', '[{\"名稱\": \"雞胸肉\", \"熱量\": 165, \"脂肪\": 3.6, \"蛋白質\": 31, \"碳水\": 0}, {\"名稱\": \"雞腿肉\", \"熱量\": 209, \"脂肪\": 10.9, \"蛋白質\": 26, \"碳水\": 0}, {\"名稱\": \"洋蔥\", \"熱量\": 40, \"脂肪\": 0.1, \"蛋白質\": 1.1, \"碳水\": 9.3}, {\"名稱\": \"蔬菜（如西蘭花）\", \"熱量\": 55, \"脂肪\": 0.6, \"蛋白質\": 3.7, \"碳水\": 11.2}, {\"名稱\": \"炒飯或麵條\", \"熱量\": 180, \"脂肪\": 3.5, \"蛋白質\": 4.6, \"碳水\": 36}, {\"名稱\": \"煎蛋餅\", \"熱量\": 90, \"脂肪\": 7, \"蛋白質\": 6, \"碳水\": 1}]'),
(199, 'Ufc87f2e2f49962d6f7dccf633ef190e1', '2025-07-04 11:23:00', '20250704112300Ufc87f2e2f_result.jpg', '[{\"名稱\": \"杏仁\", \"熱量\": 575, \"脂肪\": 50, \"蛋白質\": 21, \"碳水\": 22}, {\"名稱\": \"核桃\", \"熱量\": 654, \"脂肪\": 65, \"蛋白質\": 15, \"碳水\": 14}, {\"名稱\": \"花生\", \"熱量\": 567, \"脂肪\": 49, \"蛋白質\": 25, \"碳水\": 16}, {\"名稱\": \"青豆\", \"熱量\": 381, \"脂肪\": 8, \"蛋白質\": 27, \"碳水\": 55}, {\"名稱\": \"葡萄乾\", \"熱量\": 299, \"脂肪\": 0.5, \"蛋白質\": 3, \"碳水\": 79}, {\"名稱\": \"白扁豆\", \"熱量\": 337, \"脂肪\": 1, \"蛋白質\": 25, \"碳水\": 60}]'),
(200, 'Ufc87f2e2f49962d6f7dccf633ef190e1', '2025-07-04 11:36:16', '20250704113616Ufc87f2e2f_result.jpg', '[{\"名稱\": \"混合果仁\", \"熱量\": 600, \"脂肪\": 50, \"蛋白質\": 20, \"碳水\": 30}]'),
(201, 'Ufc87f2e2f49962d6f7dccf633ef190e1', '2025-07-04 11:38:49', '20250704113849Ufc87f2e2f_result.jpg', '[{\"名稱\": \"混合堅果\", \"熱量\": 150, \"脂肪\": 13, \"蛋白質\": 5, \"碳水\": 6}, {\"名稱\": \"果乾\", \"熱量\": 100, \"脂肪\": 0.5, \"蛋白質\": 1, \"碳水\": 27}, {\"名稱\": \"香脆小麥餅\", \"熱量\": 70, \"脂肪\": 2, \"蛋白質\": 1, \"碳水\": 11}, {\"名稱\": \"調味玉米花\", \"熱量\": 60, \"脂肪\": 3, \"蛋白質\": 1, \"碳水\": 8}]'),
(202, 'U071e558b1ca79bf2a4c18123a82b7861', '2025-07-04 12:02:30', '20250704120230U071e558b1_result.jpg', '[{\"名稱\": \"雞腿肉\", \"熱量\": 250, \"脂肪\": 16, \"蛋白質\": 25, \"碳水\": 0}, {\"名稱\": \"米飯\", \"熱量\": 200, \"脂肪\": 0.4, \"蛋白質\": 4, \"碳水\": 44}, {\"名稱\": \"蔬菜（青瓜、南瓜、白菜）\", \"熱量\": 50, \"脂肪\": 0.2, \"蛋白質\": 2, \"碳水\": 12}]'),
(203, 'Ufc87f2e2f49962d6f7dccf633ef190e1', '2025-07-04 12:13:17', '20250704121317Ufc87f2e2f_result.jpg', '[{\"名稱\": \"豬肉\", \"熱量\": 250, \"脂肪\": 20, \"蛋白質\": 25, \"碳水\": 0}, {\"名稱\": \"青菜\", \"熱量\": 30, \"脂肪\": 0.5, \"蛋白質\": 2, \"碳水\": 6}, {\"名稱\": \"玉米\", \"熱量\": 50, \"脂肪\": 0.5, \"蛋白質\": 1.5, \"碳水\": 12}, {\"名稱\": \"蕎麥飯\", \"熱量\": 160, \"脂肪\": 2, \"蛋白質\": 6, \"碳水\": 30}, {\"名稱\": \"茄子\", \"熱量\": 35, \"脂肪\": 0.2, \"蛋白質\": 1, \"碳水\": 8}, {\"名稱\": \"胡蘿蔔\", \"熱量\": 30, \"脂肪\": 0.1, \"蛋白質\": 1, \"碳水\": 7}]'),
(204, 'Ufc87f2e2f49962d6f7dccf633ef190e1', '2025-07-04 12:30:15', '20250704123015Ufc87f2e2f_result.jpg', '[{\"名稱\": \"雞肉\", \"熱量\": 165, \"脂肪\": 3.6, \"蛋白質\": 31, \"碳水\": 0}, {\"名稱\": \"紅椒\", \"熱量\": 31, \"脂肪\": 0.3, \"蛋白質\": 1, \"碳水\": 7}, {\"名稱\": \"胡蘿蔔\", \"熱量\": 41, \"脂肪\": 0.2, \"蛋白質\": 1, \"碳水\": 10}, {\"名稱\": \"洋蔥\", \"熱量\": 40, \"脂肪\": 0.1, \"蛋白質\": 1, \"碳水\": 9}, {\"名稱\": \"紫甘藍\", \"熱量\": 31, \"脂肪\": 0.2, \"蛋白質\": 1, \"碳水\": 7}, {\"名稱\": \"米飯\", \"熱量\": 130, \"脂肪\": 0.3, \"蛋白質\": 2.7, \"碳水\": 28}, {\"名稱\": \"粉絲\", \"熱量\": 150, \"脂肪\": 0.5, \"蛋白質\": 1.5, \"碳水\": 36}, {\"名稱\": \"青菜\", \"熱量\": 20, \"脂肪\": 0.2, \"蛋白質\": 2, \"碳水\": 3}]'),
(205, 'U079541034f75f13a8cfa508dc00e6009', '2025-07-04 14:24:25', '20250704142425U079541034_result.jpg', '[{\"名稱\": \"蛋白質粉\", \"熱量\": 100, \"脂肪\": 0.5, \"蛋白質\": 20, \"碳水\": 2}, {\"名稱\": \"膳食纖維\", \"熱量\": 0, \"脂肪\": 0, \"蛋白質\": 0, \"碳水\": 0.5}]'),
(206, 'U079541034f75f13a8cfa508dc00e6009', '2025-07-04 14:26:28', '20250704142628U079541034_result.jpg', '[{\"名稱\": \"胡蘿蔔泥\", \"熱量\": 41, \"脂肪\": 0.24, \"蛋白質\": 0.93, \"碳水\": 9.58}, {\"名稱\": \"南瓜泥\", \"熱量\": 49, \"脂肪\": 0.1, \"蛋白質\": 1.1, \"碳水\": 12.1}, {\"名稱\": \"菜花泥\", \"熱量\": 25, \"脂肪\": 0.3, \"蛋白質\": 2, \"碳水\": 4.1}, {\"名稱\": \"綠豆泥\", \"熱量\": 82, \"脂肪\": 0.3, \"蛋白質\": 7, \"碳水\": 14}, {\"名稱\": \"米飯\", \"熱量\": 130, \"脂肪\": 0.3, \"蛋白質\": 2.7, \"碳水\": 28.7}]'),
(207, 'U079541034f75f13a8cfa508dc00e6009', '2025-07-04 14:27:40', '20250704142740U079541034_result.jpg', '[{\"名稱\": \"培根\", \"熱量\": 42, \"脂肪\": 3.3, \"蛋白質\": 3, \"碳水\": 0.1}, {\"名稱\": \"馬鈴薯\", \"熱量\": 77, \"脂肪\": 0.1, \"蛋白質\": 2, \"碳水\": 17}, {\"名稱\": \"起司\", \"熱量\": 402, \"脂肪\": 33, \"蛋白質\": 25, \"碳水\": 1.3}, {\"名稱\": \"洋蔥\", \"熱量\": 40, \"脂肪\": 0.1, \"蛋白質\": 1.1, \"碳水\": 9}, {\"名稱\": \"香料（如迷迭香）\", \"熱量\": 0, \"脂肪\": 0, \"蛋白質\": 0, \"碳水\": 0}, {\"名稱\": \"番茄醬\", \"熱量\": 29, \"脂肪\": 0.1, \"蛋白質\": 0.9, \"碳水\": 6.5}]'),
(208, 'U598d26906f6d935ef836de8edc6a0a5e', '2025-07-05 10:00:37', '20250705100037U598d26906_result.jpg', '[{\"名稱\": \"水煮蛋\", \"熱量\": 68, \"脂肪\": 5, \"蛋白質\": 6, \"碳水\": 1}]'),
(209, 'U598d26906f6d935ef836de8edc6a0a5e', '2025-07-05 10:42:54', '20250705104254U598d26906_result.jpg', '[{\"名稱\": \"白米\", \"熱量\": 130, \"脂肪\": 0.3, \"蛋白質\": 2.4, \"碳水\": 28}, {\"名稱\": \"雞肉\", \"熱量\": 165, \"脂肪\": 7.5, \"蛋白質\": 31, \"碳水\": 0}, {\"名稱\": \"青椒\", \"熱量\": 20, \"脂肪\": 0.2, \"蛋白質\": 1, \"碳水\": 4}, {\"名稱\": \"醬油\", \"熱量\": 10, \"脂肪\": 0, \"蛋白質\": 1, \"碳水\": 1.5}]'),
(210, 'Ufc87f2e2f49962d6f7dccf633ef190e1', '2025-07-05 12:28:06', '20250705122806Ufc87f2e2f_result.jpg', '[{\"名稱\": \"豬肉（脆皮）\", \"熱量\": 300, \"脂肪\": 20, \"蛋白質\": 25, \"碳水\": 0}, {\"名稱\": \"白米飯\", \"熱量\": 150, \"脂肪\": 0.5, \"蛋白質\": 3, \"碳水\": 33}, {\"名稱\": \"白菜\", \"熱量\": 10, \"脂肪\": 0, \"蛋白質\": 1, \"碳水\": 2}, {\"名稱\": \"雞蛋\", \"熱量\": 70, \"脂肪\": 5, \"蛋白質\": 6, \"碳水\": 1}, {\"名稱\": \"粉絲\", \"熱量\": 70, \"脂肪\": 0.5, \"蛋白質\": 2, \"碳水\": 16}]'),
(211, 'U64dfb17c57eeecad2d6a441ab83ab2d0', '2025-07-05 19:25:13', '20250705192513U64dfb17c5_result.jpg', '[{\"名稱\": \"炸魚\", \"熱量\": 250, \"脂肪\": 15, \"蛋白質\": 20, \"碳水\": 10}, {\"名稱\": \"豆腐\", \"熱量\": 80, \"脂肪\": 5, \"蛋白質\": 8, \"碳水\": 2}, {\"名稱\": \"醬汁\", \"熱量\": 50, \"脂肪\": 2, \"蛋白質\": 1, \"碳水\": 8}]'),
(212, 'Ufc87f2e2f49962d6f7dccf633ef190e1', '2025-07-06 12:35:02', '20250706123502Ufc87f2e2f_result.jpg', '[{\"名稱\": \"木瓜\", \"熱量\": 43, \"脂肪\": 0.1, \"蛋白質\": 0.5, \"碳水\": 11.4}, {\"名稱\": \"豆腐\", \"熱量\": 76, \"脂肪\": 4.8, \"蛋白質\": 8, \"碳水\": 1.9}, {\"名稱\": \"豬肉\", \"熱量\": 242, \"脂肪\": 20, \"蛋白質\": 22, \"碳水\": 0}, {\"名稱\": \"杏鮑菇\", \"熱量\": 31, \"脂肪\": 0.4, \"蛋白質\": 3.2, \"碳水\": 6.1}, {\"名稱\": \"冬瓜\", \"熱量\": 13, \"脂肪\": 0.1, \"蛋白質\": 0.6, \"碳水\": 3.4}, {\"名稱\": \"黃豆芽\", \"熱量\": 31, \"脂肪\": 0.2, \"蛋白質\": 3.2, \"碳水\": 5.1}]'),
(213, 'Ufc87f2e2f49962d6f7dccf633ef190e1', '2025-07-06 19:32:35', '20250706193235Ufc87f2e2f_result.jpg', '[{\"名稱\": \"白肉\", \"熱量\": 250, \"脂肪\": 15, \"蛋白質\": 30, \"碳水\": 0}, {\"名稱\": \"冬瓜\", \"熱量\": 30, \"脂肪\": 0.2, \"蛋白質\": 1.2, \"碳水\": 7.5}, {\"名稱\": \"香菇\", \"熱量\": 35, \"脂肪\": 0.5, \"蛋白質\": 3.1, \"碳水\": 6.8}, {\"名稱\": \"黃豆芽\", \"熱量\": 40, \"脂肪\": 0.1, \"蛋白質\": 4.5, \"碳水\": 8}, {\"名稱\": \"雞蛋\", \"熱量\": 155, \"脂肪\": 11, \"蛋白質\": 13, \"碳水\": 1.1}]'),
(214, 'Ua34312d9ea6c3824247f852dd51e5271', '2025-07-07 14:04:07', '20250707140407Ua34312d9e_result.jpg', '[{\"名稱\": \"雞蛋\", \"熱量\": 155, \"脂肪\": 11.0, \"蛋白質\": 13.0, \"碳水\": 1.1}, {\"名稱\": \"番茄\", \"熱量\": 18, \"脂肪\": 0.2, \"蛋白質\": 0.9, \"碳水\": 3.9}, {\"名稱\": \"青蔥\", \"熱量\": 32, \"脂肪\": 0.3, \"蛋白質\": 1.3, \"碳水\": 7.3}]'),
(215, 'Ua34312d9ea6c3824247f852dd51e5271', '2025-07-07 14:05:33', '20250707140533Ua34312d9e_result.jpg', '[{\"名稱\": \"牛肉\", \"熱量\": 250, \"脂肪\": 20, \"蛋白質\": 26, \"碳水\": 0}, {\"名稱\": \"青菜（小白菜）\", \"熱量\": 20, \"脂肪\": 0.2, \"蛋白質\": 2, \"碳水\": 4}, {\"名稱\": \"麵條\", \"熱量\": 220, \"脂肪\": 2.5, \"蛋白質\": 7, \"碳水\": 45}, {\"名稱\": \"湯底\", \"熱量\": 50, \"脂肪\": 2, \"蛋白質\": 2, \"碳水\": 8}]'),
(216, 'Ua34312d9ea6c3824247f852dd51e5271', '2025-07-07 14:07:31', '20250707140731Ua34312d9e_result.jpg', '[{\"名稱\": \"可口可樂\", \"熱量\": 210, \"脂肪\": 0, \"蛋白質\": 0, \"碳水\": 53}]'),
(217, 'Ua34312d9ea6c3824247f852dd51e5271', '2025-07-07 14:07:45', '20250707140745Ua34312d9e_result.jpg', '[{\"名稱\": \"珍珠奶茶\", \"熱量\": 300, \"脂肪\": 10, \"蛋白質\": 5, \"碳水\": 50}, {\"名稱\": \"珍珠\", \"熱量\": 100, \"脂肪\": 0, \"蛋白質\": 0, \"碳水\": 25}, {\"名稱\": \"牛奶\", \"熱量\": 150, \"脂肪\": 8, \"蛋白質\": 8, \"碳水\": 12}, {\"名稱\": \"糖\", \"熱量\": 60, \"脂肪\": 0, \"蛋白質\": 0, \"碳水\": 15}]'),
(218, 'U0cf638f9cdb72ba61749baad8f4976e6', '2025-07-08 08:57:58', '20250708085758U0cf638f9c_result.jpg', '[{\"名稱\": \"餅皮\", \"熱量\": 220, \"脂肪\": 5, \"蛋白質\": 6, \"碳水\": 40}, {\"名稱\": \"雞蛋\", \"熱量\": 70, \"脂肪\": 5, \"蛋白質\": 6, \"碳水\": 1}, {\"名稱\": \"蔬菜（如青蔥）\", \"熱量\": 10, \"脂肪\": 0, \"蛋白質\": 0, \"碳水\": 2}, {\"名稱\": \"炸物（如炸雞塊）\", \"熱量\": 150, \"脂肪\": 10, \"蛋白質\": 10, \"碳水\": 5}]'),
(219, 'U0cf638f9cdb72ba61749baad8f4976e6', '2025-07-08 08:58:15', '20250708085815U0cf638f9c_result.jpg', '[{\"名稱\": \"薄餅\", \"熱量\": 250, \"脂肪\": 10, \"蛋白質\": 6, \"碳水\": 34}, {\"名稱\": \"馬鈴薯\", \"熱量\": 150, \"脂肪\": 0.2, \"蛋白質\": 4, \"碳水\": 34}, {\"名稱\": \"雞蛋\", \"熱量\": 70, \"脂肪\": 5, \"蛋白質\": 6, \"碳水\": 0.6}]'),
(220, 'U0cf638f9cdb72ba61749baad8f4976e6', '2025-07-08 08:59:03', '20250708085903U0cf638f9c_result.jpg', '[{\"名稱\": \"冰咖啡\", \"熱量\": 2, \"脂肪\": 0.1, \"蛋白質\": 0.3, \"碳水\": 0.5}]'),
(221, 'U0cf638f9cdb72ba61749baad8f4976e6', '2025-07-08 08:59:27', '20250708085927U0cf638f9c_result.jpg', '[{\"名稱\": \"咖啡\", \"熱量\": 2, \"脂肪\": 0, \"蛋白質\": 0, \"碳水\": 0}, {\"名稱\": \"糖\", \"熱量\": 16, \"脂肪\": 0, \"蛋白質\": 0, \"碳水\": 4}]'),
(222, 'U0cf638f9cdb72ba61749baad8f4976e6', '2025-07-08 09:03:45', '20250708090345U0cf638f9c_result.jpg', '[{\"名稱\": \"白吐司\", \"熱量\": 75, \"脂肪\": 1, \"蛋白質\": 2, \"碳水\": 14}, {\"名稱\": \"火腿\", \"熱量\": 50, \"脂肪\": 3, \"蛋白質\": 5, \"碳水\": 1}, {\"名稱\": \"蛋黃醬\", \"熱量\": 90, \"脂肪\": 10, \"蛋白質\": 1, \"碳水\": 0}, {\"名稱\": \"切達起司\", \"熱量\": 110, \"脂肪\": 9, \"蛋白質\": 7, \"碳水\": 1}, {\"名稱\": \"煎蛋\", \"熱量\": 90, \"脂肪\": 6, \"蛋白質\": 6, \"碳水\": 1}]'),
(223, 'U0cf638f9cdb72ba61749baad8f4976e6', '2025-07-08 09:04:16', '20250708090416U0cf638f9c_result.jpg', '[{\"名稱\": \"薯餅蛋餅\", \"熱量\": 250, \"脂肪\": 12, \"蛋白質\": 7, \"碳水\": 32}]'),
(224, 'U0cf638f9cdb72ba61749baad8f4976e6', '2025-07-08 09:05:52', '20250708090552U0cf638f9c_result.jpg', '[{\"名稱\": \"紅茶\", \"熱量\": 2, \"脂肪\": 0, \"蛋白質\": 0, \"碳水\": 0.5}, {\"名稱\": \"糖（如有加入）\", \"熱量\": 16, \"脂肪\": 0, \"蛋白質\": 0, \"碳水\": 4}]'),
(225, 'Ufc87f2e2f49962d6f7dccf633ef190e1', '2025-07-08 12:05:07', '20250708120507Ufc87f2e2f_result.jpg', '[{\"名稱\": \"紅米飯\", \"熱量\": 215, \"脂肪\": 1.6, \"蛋白質\": 5, \"碳水\": 45}, {\"名稱\": \"牛肉\", \"熱量\": 250, \"脂肪\": 14, \"蛋白質\": 26, \"碳水\": 0}, {\"名稱\": \"南瓜\", \"熱量\": 26, \"脂肪\": 0.1, \"蛋白質\": 1, \"碳水\": 7}, {\"名稱\": \"青菜（如小白菜）\", \"熱量\": 9, \"脂肪\": 0.1, \"蛋白質\": 1, \"碳水\": 1.5}, {\"名稱\": \"胡蘿蔔\", \"熱量\": 41, \"脂肪\": 0.2, \"蛋白質\": 1, \"碳水\": 10}, {\"名稱\": \"蛋品（如蛋煎蛋）\", \"熱量\": 90, \"脂肪\": 7, \"蛋白質\": 6, \"碳水\": 1}, {\"名稱\": \"豆腐\", \"熱量\": 70, \"脂肪\": 4, \"蛋白質\": 8, \"碳水\": 1.5}]'),
(226, 'Ua34312d9ea6c3824247f852dd51e5271', '2025-07-08 12:07:08', '20250708120708Ua34312d9e_result.jpg', '[{\"名稱\": \"雞肉（雞腿）\", \"熱量\": 250, \"脂肪\": 20, \"蛋白質\": 18, \"碳水\": 0}]'),
(227, 'Ua34312d9ea6c3824247f852dd51e5271', '2025-07-08 12:08:33', '20250708120833Ua34312d9e_result.jpg', '[{\"名稱\": \"米粉\", \"熱量\": 270, \"脂肪\": 1, \"蛋白質\": 3, \"碳水\": 56}, {\"名稱\": \"雞肉\", \"熱量\": 239, \"脂肪\": 13, \"蛋白質\": 27, \"碳水\": 0}, {\"名稱\": \"蔬菜丁\", \"熱量\": 40, \"脂肪\": 0.5, \"蛋白質\": 1, \"碳水\": 8}]'),
(228, 'Ua34312d9ea6c3824247f852dd51e5271', '2025-07-08 12:10:05', '20250708121005Ua34312d9e_result.jpg', '[{\"名稱\": \"廚房紙巾\", \"熱量\": 0, \"脂肪\": 0, \"蛋白質\": 0, \"碳水\": 0}]'),
(229, 'U0cf638f9cdb72ba61749baad8f4976e6', '2025-07-08 17:29:15', '20250708172915U0cf638f9c_result.jpg', '[{\"名稱\": \"魚丸\", \"熱量\": 90, \"脂肪\": 3, \"蛋白質\": 8, \"碳水\": 7}, {\"名稱\": \"雞肉\", \"熱量\": 165, \"脂肪\": 7, \"蛋白質\": 24, \"碳水\": 0}, {\"名稱\": \"椰漿\", \"熱量\": 300, \"脂肪\": 30, \"蛋白質\": 3, \"碳水\": 6}, {\"名稱\": \"湯底（香料、醬料等）\", \"熱量\": 50, \"脂肪\": 2, \"蛋白質\": 1, \"碳水\": 8}, {\"名稱\": \"蔬菜（如香菜、青椒等）\", \"熱量\": 20, \"脂肪\": 0, \"蛋白質\": 1, \"碳水\": 4}]'),
(230, 'Ua34312d9ea6c3824247f852dd51e5271', '2025-07-09 12:03:42', '20250709120342Ua34312d9e_result.jpg', '[{\"名稱\": \"綠豆\", \"熱量\": 347, \"脂肪\": 1.2, \"蛋白質\": 24.0, \"碳水\": 63.0}]'),
(231, 'Ua34312d9ea6c3824247f852dd51e5271', '2025-07-09 12:04:08', '20250709120408Ua34312d9e_result.jpg', '[{\"名稱\": \"白菜\", \"熱量\": 12, \"脂肪\": 0.1, \"蛋白質\": 1.1, \"碳水\": 2.3}, {\"名稱\": \"胡蘿蔔\", \"熱量\": 41, \"脂肪\": 0.2, \"蛋白質\": 0.9, \"碳水\": 9.6}]'),
(232, 'Ua34312d9ea6c3824247f852dd51e5271', '2025-07-09 12:04:36', '20250709120436Ua34312d9e_result.jpg', '[{\"名稱\": \"綠色葉菜\", \"熱量\": 24, \"脂肪\": 0.5, \"蛋白質\": 2, \"碳水\": 4}]'),
(233, 'Ua34312d9ea6c3824247f852dd51e5271', '2025-07-09 12:05:04', '20250709120504Ua34312d9e_result.jpg', '[{\"名稱\": \"雞肉\", \"熱量\": 239, \"脂肪\": 14, \"蛋白質\": 27, \"碳水\": 0}]'),
(234, 'Uc998f2b623aee130b533c741e61c1b6d', '2025-07-09 15:03:09', '20250709150309Uc998f2b62_result.jpg', '[{\"名稱\": \"白米\", \"熱量\": 130, \"脂肪\": 0.3, \"蛋白質\": 2.4, \"碳水\": 28.7}, {\"名稱\": \"醬燒豬肉\", \"熱量\": 250, \"脂肪\": 15, \"蛋白質\": 20, \"碳水\": 2}, {\"名稱\": \"春捲\", \"熱量\": 100, \"脂肪\": 5, \"蛋白質\": 2, \"碳水\": 12}, {\"名稱\": \"炒青菜\", \"熱量\": 50, \"脂肪\": 2, \"蛋白質\": 1, \"碳水\": 8}, {\"名稱\": \"蛋糕/豆腐\", \"熱量\": 80, \"脂肪\": 4, \"蛋白質\": 6, \"碳水\": 6}]'),
(235, 'Ua34312d9ea6c3824247f852dd51e5271', '2025-07-10 12:04:18', '20250710120418Ua34312d9e_result.jpg', '[{\"名稱\": \"木耳\", \"熱量\": 33, \"脂肪\": 0.3, \"蛋白質\": 2.5, \"碳水\": 7.5}]'),
(236, 'Ufc87f2e2f49962d6f7dccf633ef190e1', '2025-07-10 12:04:23', '20250710120423Ufc87f2e2f_result.jpg', '[{\"名稱\": \"豬肉排\", \"熱量\": 250, \"脂肪\": 15, \"蛋白質\": 22, \"碳水\": 0}, {\"名稱\": \"炸虾\", \"熱量\": 200, \"脂肪\": 10, \"蛋白質\": 15, \"碳水\": 20}, {\"名稱\": \"白飯\", \"熱量\": 210, \"脂肪\": 0.5, \"蛋白質\": 4, \"碳水\": 45}, {\"名稱\": \"涼拌菜（青菜）\", \"熱量\": 50, \"脂肪\": 0.2, \"蛋白質\": 2, \"碳水\": 10}, {\"名稱\": \"蒸豆腐\", \"熱量\": 80, \"脂肪\": 5, \"蛋白質\": 8, \"碳水\": 2}, {\"名稱\": \"蜇皮（海帶）\", \"熱量\": 40, \"脂肪\": 0.5, \"蛋白質\": 1, \"碳水\": 9}, {\"名稱\": \"素肉丸\", \"熱量\": 90, \"脂肪\": 4, \"蛋白質\": 4, \"碳水\": 10}, {\"名稱\": \"清炒冬瓜\", \"熱量\": 30, \"脂肪\": 0.1, \"蛋白質\": 1, \"碳水\": 7}]'),
(237, 'Ua34312d9ea6c3824247f852dd51e5271', '2025-07-10 12:04:37', '20250710120437Ua34312d9e_result.jpg', '[{\"名稱\": \"胡蘿蔔\", \"熱量\": 41, \"脂肪\": 0.24, \"蛋白質\": 0.93, \"碳水\": 9.58}, {\"名稱\": \"雞蛋\", \"熱量\": 143, \"脂肪\": 9.51, \"蛋白質\": 12.56, \"碳水\": 0.72}, {\"名稱\": \"黑木耳\", \"熱量\": 49, \"脂肪\": 0.2, \"蛋白質\": 2.5, \"碳水\": 11.5}]'),
(238, 'Ua34312d9ea6c3824247f852dd51e5271', '2025-07-10 12:05:16', '20250710120516Ua34312d9e_result.jpg', '[{\"名稱\": \"炸雞排\", \"熱量\": 350, \"脂肪\": 22, \"蛋白質\": 30, \"碳水\": 15}, {\"名稱\": \"美乃滋\", \"熱量\": 94, \"脂肪\": 10, \"蛋白質\": 0.1, \"碳水\": 0.1}]'),
(239, 'Ufc87f2e2f49962d6f7dccf633ef190e1', '2025-07-11 13:45:58', '20250711134558Ufc87f2e2f_result.jpg', '[{\"名稱\": \"雞肉\", \"熱量\": 250, \"脂肪\": 15, \"蛋白質\": 25, \"碳水\": 0}, {\"名稱\": \"玉米\", \"熱量\": 70, \"脂肪\": 1, \"蛋白質\": 2, \"碳水\": 15}, {\"名稱\": \"青菜\", \"熱量\": 20, \"脂肪\": 0, \"蛋白質\": 2, \"碳水\": 4}, {\"名稱\": \"泡菜\", \"熱量\": 15, \"脂肪\": 0, \"蛋白質\": 1, \"碳水\": 3}, {\"名稱\": \"海苔\", \"熱量\": 5, \"脂肪\": 0, \"蛋白質\": 1, \"碳水\": 1}]'),
(240, 'Ua34312d9ea6c3824247f852dd51e5271', '2025-07-14 12:03:58', '20250714120358Ua34312d9e_result.jpg', '[{\"名稱\": \"豆腐\", \"熱量\": 144, \"脂肪\": 9, \"蛋白質\": 15, \"碳水\": 4}, {\"名稱\": \"洋蔥\", \"熱量\": 40, \"脂肪\": 0.1, \"蛋白質\": 1.1, \"碳水\": 9.3}, {\"名稱\": \"綠色辣椒\", \"熱量\": 20, \"脂肪\": 0.2, \"蛋白質\": 0.9, \"碳水\": 4.7}]'),
(241, 'Ua34312d9ea6c3824247f852dd51e5271', '2025-07-14 12:04:17', '20250714120417Ua34312d9e_result.jpg', '[{\"名稱\": \"菠菜\", \"熱量\": 23, \"脂肪\": 0.4, \"蛋白質\": 2.9, \"碳水\": 3.6}, {\"名稱\": \"青菜\", \"熱量\": 12, \"脂肪\": 0.2, \"蛋白質\": 1.6, \"碳水\": 2.4}]'),
(242, 'Ua34312d9ea6c3824247f852dd51e5271', '2025-07-14 12:04:31', '20250714120431Ua34312d9e_result.jpg', '[{\"名稱\": \"木耳\", \"熱量\": 35, \"脂肪\": 0.1, \"蛋白質\": 2.5, \"碳水\": 7.5}]'),
(243, 'Ua34312d9ea6c3824247f852dd51e5271', '2025-07-14 12:04:41', '20250714120441Ua34312d9e_result.jpg', '[{\"名稱\": \"豬肉\", \"熱量\": 242, \"脂肪\": 19, \"蛋白質\": 22, \"碳水\": 0}]'),
(244, 'Ua34312d9ea6c3824247f852dd51e5271', '2025-07-14 12:05:15', '20250714120515Ua34312d9e_result.jpg', '[{\"名稱\": \"白米\", \"熱量\": 130, \"脂肪\": 0.3, \"蛋白質\": 2.7, \"碳水\": 28.7}]'),
(245, 'Ufc87f2e2f49962d6f7dccf633ef190e1', '2025-07-14 12:13:14', '20250714121314Ufc87f2e2f_result.jpg', '[{\"名稱\": \"雞肉\", \"熱量\": 165, \"脂肪\": 3.6, \"蛋白質\": 31, \"碳水\": 0}, {\"名稱\": \"番茄\", \"熱量\": 18, \"脂肪\": 0.2, \"蛋白質\": 0.9, \"碳水\": 3.9}, {\"名稱\": \"雞蛋\", \"熱量\": 155, \"脂肪\": 11, \"蛋白質\": 13, \"碳水\": 1.1}, {\"名稱\": \"黃椒\", \"熱量\": 20, \"脂肪\": 0.2, \"蛋白質\": 0.9, \"碳水\": 4.6}, {\"名稱\": \"西蘭花\", \"熱量\": 34, \"脂肪\": 0.4, \"蛋白質\": 3, \"碳水\": 6.6}, {\"名稱\": \"秋葵\", \"熱量\": 33, \"脂肪\": 0.2, \"蛋白質\": 2, \"碳水\": 7.5}, {\"名稱\": \"香菇\", \"熱量\": 22, \"脂肪\": 0.3, \"蛋白質\": 2.2, \"碳水\": 3.3}, {\"名稱\": \"芝麻菜\", \"熱量\": 25, \"脂肪\": 0.4, \"蛋白質\": 2.6, \"碳水\": 3.7}, {\"名稱\": \"毛豆\", \"熱量\": 121, \"脂肪\": 5.2, \"蛋白質\": 11.5, \"碳水\": 9.9}, {\"名稱\": \"黃瓜\", \"熱量\": 16, \"脂肪\": 0.1, \"蛋白質\": 0.7, \"碳水\": 3.6}, {\"名稱\": \"鷹嘴豆\", \"熱量\": 164, \"脂肪\": 2.6, \"蛋白質\": 8.9, \"碳水\": 27.4}]'),
(246, 'Uc635ca9765a8dfe69e16f34754add6e2', '2025-07-17 06:51:11', '20250717065111Uc635ca976_result.jpg', '[{\"名稱\": \"魚肉\", \"熱量\": 180, \"脂肪\": 8, \"蛋白質\": 22, \"碳水\": 0}, {\"名稱\": \"豆腐\", \"熱量\": 70, \"脂肪\": 4, \"蛋白質\": 8, \"碳水\": 2}, {\"名稱\": \"嫩菜心\", \"熱量\": 20, \"脂肪\": 0.2, \"蛋白質\": 2, \"碳水\": 3}, {\"名稱\": \"水煮蛋\", \"熱量\": 70, \"脂肪\": 5, \"蛋白質\": 6, \"碳水\": 1}]'),
(247, 'U64dfb17c57eeecad2d6a441ab83ab2d0', '2025-07-17 08:49:31', '20250717084931U64dfb17c5_result.jpg', '[{\"名稱\": \"豬肉\", \"熱量\": 242, \"脂肪\": 17, \"蛋白質\": 22, \"碳水\": 0}, {\"名稱\": \"青椒\", \"熱量\": 20, \"脂肪\": 0.2, \"蛋白質\": 1, \"碳水\": 4.7}, {\"名稱\": \"紅椒\", \"熱量\": 31, \"脂肪\": 0.3, \"蛋白質\": 1, \"碳水\": 6.1}, {\"名稱\": \"黑豆\", \"熱量\": 339, \"脂肪\": 0.8, \"蛋白質\": 26, \"碳水\": 62}, {\"名稱\": \"蒜頭\", \"熱量\": 149, \"脂肪\": 0.5, \"蛋白質\": 6.4, \"碳水\": 33}]'),
(248, 'U96c1d8fc6f42a10103c8c4848b09674d', '2025-07-17 08:57:13', '20250717085713U96c1d8fc6_result.jpg', '[{\"名稱\": \"全麥麵包\", \"熱量\": 250, \"脂肪\": 4, \"蛋白質\": 10, \"碳水\": 45}, {\"名稱\": \"蛋\", \"熱量\": 70, \"脂肪\": 5, \"蛋白質\": 6, \"碳水\": 1}, {\"名稱\": \"生菜\", \"熱量\": 5, \"脂肪\": 0, \"蛋白質\": 0, \"碳水\": 1}, {\"名稱\": \"沙拉醬\", \"熱量\": 50, \"脂肪\": 5, \"蛋白質\": 0, \"碳水\": 2}]'),
(249, 'U96c1d8fc6f42a10103c8c4848b09674d', '2025-07-17 08:57:44', '20250717085744U96c1d8fc6_result.jpg', '[{\"名稱\": \"全麥麵包\", \"熱量\": 250, \"脂肪\": 4, \"蛋白質\": 10, \"碳水\": 47}, {\"名稱\": \"蛋\", \"熱量\": 70, \"脂肪\": 5, \"蛋白質\": 6, \"碳水\": 1}, {\"名稱\": \"生菜\", \"熱量\": 5, \"脂肪\": 0, \"蛋白質\": 0, \"碳水\": 1}]'),
(250, 'U96c1d8fc6f42a10103c8c4848b09674d', '2025-07-17 18:00:34', '20250717180034U96c1d8fc6_result.jpg', '[{\"名稱\": \"白吐司\", \"熱量\": 80, \"脂肪\": 1, \"蛋白質\": 2, \"碳水\": 15}, {\"名稱\": \"蛋\", \"熱量\": 70, \"脂肪\": 5, \"蛋白質\": 6, \"碳水\": 1}, {\"名稱\": \"火腿\", \"熱量\": 50, \"脂肪\": 3, \"蛋白質\": 5, \"碳水\": 1}, {\"名稱\": \"醬料\", \"熱量\": 40, \"脂肪\": 4, \"蛋白質\": 0, \"碳水\": 1}]'),
(251, 'U96c1d8fc6f42a10103c8c4848b09674d', '2025-07-17 18:01:26', '20250717180126U96c1d8fc6_result.jpg', '[{\"名稱\": \"白麵包\", \"熱量\": 80, \"脂肪\": 1, \"蛋白質\": 3, \"碳水\": 15}, {\"名稱\": \"雞肉片\", \"熱量\": 150, \"脂肪\": 5, \"蛋白質\": 20, \"碳水\": 0}, {\"名稱\": \"蛋黃\", \"熱量\": 55, \"脂肪\": 4.5, \"蛋白質\": 3, \"碳水\": 0}, {\"名稱\": \"蛋白\", \"熱量\": 17, \"脂肪\": 0.1, \"蛋白質\": 3.6, \"碳水\": 0.2}, {\"名稱\": \"醬料\", \"熱量\": 30, \"脂肪\": 2, \"蛋白質\": 0.5, \"碳水\": 5}]'),
(252, 'U96c1d8fc6f42a10103c8c4848b09674d', '2025-07-18 12:29:06', '20250718122906U96c1d8fc6_result.jpg', '[{\"名稱\": \"豆腐\", \"熱量\": 144, \"脂肪\": 8, \"蛋白質\": 16, \"碳水\": 4}, {\"名稱\": \"酸菜\", \"熱量\": 25, \"脂肪\": 0.5, \"蛋白質\": 1, \"碳水\": 5}, {\"名稱\": \"雞腿\", \"熱量\": 250, \"脂肪\": 18, \"蛋白質\": 25, \"碳水\": 0}, {\"名稱\": \"白飯\", \"熱量\": 130, \"脂肪\": 0.3, \"蛋白質\": 2.5, \"碳水\": 28}, {\"名稱\": \"粥\", \"熱量\": 80, \"脂肪\": 1, \"蛋白質\": 1.5, \"碳水\": 18}]'),
(253, 'U96c1d8fc6f42a10103c8c4848b09674d', '2025-07-18 12:29:24', '20250718122924U96c1d8fc6_result.jpg', '[{\"名稱\": \"白飯\", \"熱量\": 130, \"脂肪\": 0.3, \"蛋白質\": 2.4, \"碳水\": 28}, {\"名稱\": \"雞肉\", \"熱量\": 150, \"脂肪\": 7, \"蛋白質\": 25, \"碳水\": 0}, {\"名稱\": \"白菜\", \"熱量\": 15, \"脂肪\": 0.1, \"蛋白質\": 1, \"碳水\": 3}, {\"名稱\": \"稀飯\", \"熱量\": 80, \"脂肪\": 0.2, \"蛋白質\": 1.5, \"碳水\": 18}, {\"名稱\": \"豆腐\", \"熱量\": 50, \"脂肪\": 3, \"蛋白質\": 5, \"碳水\": 2}]'),
(254, 'U579c7b68bd69f892bc7af0c47e55c808', '2025-07-18 13:00:19', '20250718130019U579c7b68b_result.jpg', '[{\"名稱\": \"豆腐\", \"熱量\": 144, \"脂肪\": 8, \"蛋白質\": 16, \"碳水\": 4}, {\"名稱\": \"豆漿湯底\", \"熱量\": 50, \"脂肪\": 2, \"蛋白質\": 3, \"碳水\": 5}]'),
(255, 'U579c7b68bd69f892bc7af0c47e55c808', '2025-07-18 13:00:47', '20250718130047U579c7b68b_result.jpg', '[{\"名稱\": \"米粉\", \"熱量\": 100, \"脂肪\": 0.5, \"蛋白質\": 2, \"碳水\": 22}, {\"名稱\": \"雞肉\", \"熱量\": 165, \"脂肪\": 3.6, \"蛋白質\": 31, \"碳水\": 0}, {\"名稱\": \"胡蘿蔔\", \"熱量\": 41, \"脂肪\": 0.2, \"蛋白質\": 0.9, \"碳水\": 10}, {\"名稱\": \"青菜\", \"熱量\": 25, \"脂肪\": 0.3, \"蛋白質\": 2.2, \"碳水\": 4}, {\"名稱\": \"香菇\", \"熱量\": 22, \"脂肪\": 0.3, \"蛋白質\": 2.2, \"碳水\": 4}, {\"名稱\": \"蛤蜊\", \"熱量\": 70, \"脂肪\": 1.2, \"蛋白質\": 12.5, \"碳水\": 1}, {\"名稱\": \"豬肉\", \"熱量\": 242, \"脂肪\": 21, \"蛋白質\": 24, \"碳水\": 0}, {\"名稱\": \"油\", \"熱量\": 120, \"脂肪\": 14, \"蛋白質\": 0, \"碳水\": 0}]'),
(256, 'U579c7b68bd69f892bc7af0c47e55c808', '2025-07-18 13:01:11', '20250718130111U579c7b68b_result.jpg', '[{\"名稱\": \"米粉\", \"熱量\": 100, \"脂肪\": 0.5, \"蛋白質\": 2.1, \"碳水\": 22.6}, {\"名稱\": \"雞肉\", \"熱量\": 165, \"脂肪\": 3.6, \"蛋白質\": 31, \"碳水\": 0}, {\"名稱\": \"胡蘿蔔\", \"熱量\": 41, \"脂肪\": 0.2, \"蛋白質\": 0.9, \"碳水\": 10}, {\"名稱\": \"青菜\", \"熱量\": 25, \"脂肪\": 0.4, \"蛋白質\": 2.6, \"碳水\": 5.1}, {\"名稱\": \"香菇\", \"熱量\": 22, \"脂肪\": 0.3, \"蛋白質\": 2.2, \"碳水\": 3.3}, {\"名稱\": \"豆皮\", \"熱量\": 150, \"脂肪\": 7, \"蛋白質\": 14, \"碳水\": 8}]'),
(257, 'U579c7b68bd69f892bc7af0c47e55c808', '2025-07-18 13:01:27', '20250718130127U579c7b68b_result.jpg', '[{\"名稱\": \"白米\", \"熱量\": 130, \"脂肪\": 0.3, \"蛋白質\": 2.7, \"碳水\": 28}, {\"名稱\": \"番茄\", \"熱量\": 18, \"脂肪\": 0.2, \"蛋白質\": 0.9, \"碳水\": 3.9}, {\"名稱\": \"調味料（假設為醬油）\", \"熱量\": 10, \"脂肪\": 0, \"蛋白質\": 1, \"碳水\": 2}, {\"名稱\": \"麵包屑\", \"熱量\": 75, \"脂肪\": 2, \"蛋白質\": 2, \"碳水\": 14}]'),
(258, 'U579c7b68bd69f892bc7af0c47e55c808', '2025-07-18 22:10:26', '20250718221026U579c7b68b_result.jpg', '[{\"名稱\": \"白米\", \"熱量\": 130, \"脂肪\": 0.3, \"蛋白質\": 2.4, \"碳水\": 28}, {\"名稱\": \"牛肉\", \"熱量\": 250, \"脂肪\": 20, \"蛋白質\": 26, \"碳水\": 0}, {\"名稱\": \"大醬湯\", \"熱量\": 40, \"脂肪\": 1, \"蛋白質\": 2, \"碳水\": 6}, {\"名稱\": \"泡菜\", \"熱量\": 15, \"脂肪\": 0.5, \"蛋白質\": 1, \"碳水\": 3}, {\"名稱\": \"生菜\", \"熱量\": 5, \"脂肪\": 0.1, \"蛋白質\": 0.5, \"碳水\": 1}, {\"名稱\": \"紅椒\", \"熱量\": 10, \"脂肪\": 0.2, \"蛋白質\": 0.5, \"碳水\": 2}, {\"名稱\": \"捲心菜\", \"熱量\": 10, \"脂肪\": 0.1, \"蛋白質\": 1, \"碳水\": 2}]'),
(259, 'U4bfbb93019e9b052b8ca94cb9bc77dfb', '2025-07-19 03:26:55', '20250719032655U4bfbb9301_result.jpg', '[{\"名稱\": \"意大利麵\", \"熱量\": 158, \"脂肪\": 1.2, \"蛋白質\": 5.8, \"碳水\": 32.3}, {\"名稱\": \"青蔥\", \"熱量\": 32, \"脂肪\": 0.2, \"蛋白質\": 1.3, \"碳水\": 7.3}, {\"名稱\": \"橄欖油 (假設使用)\", \"熱量\": 119, \"脂肪\": 13.5, \"蛋白質\": 0, \"碳水\": 0}]'),
(260, 'U4bfbb93019e9b052b8ca94cb9bc77dfb', '2025-07-19 03:28:31', '20250719032831U4bfbb9301_result.jpg', '[{\"名稱\": \"牛排\", \"熱量\": 700, \"脂肪\": 45, \"蛋白質\": 60, \"碳水\": 0}, {\"名稱\": \"玉米泥\", \"熱量\": 200, \"脂肪\": 4, \"蛋白質\": 5, \"碳水\": 36}, {\"名稱\": \"西蘭花\", \"熱量\": 55, \"脂肪\": 1, \"蛋白質\": 4, \"碳水\": 11}]'),
(261, 'U4bfbb93019e9b052b8ca94cb9bc77dfb', '2025-07-19 03:44:55', '20250719034455U4bfbb9301_result.jpg', '[{\"名稱\": \"蝦\", \"熱量\": 85, \"脂肪\": 1.0, \"蛋白質\": 20.0, \"碳水\": 0.0}, {\"名稱\": \"意大利面\", \"熱量\": 158, \"脂肪\": 1.0, \"蛋白質\": 5.0, \"碳水\": 31.0}, {\"名稱\": \"調味醬\", \"熱量\": 50, \"脂肪\": 3.0, \"蛋白質\": 1.0, \"碳水\": 5.0}]'),
(262, 'U4bfbb93019e9b052b8ca94cb9bc77dfb', '2025-07-19 10:53:42', '20250719105342U4bfbb9301_result.jpg', '[{\"名稱\": \"羊排\", \"熱量\": 250, \"脂肪\": 20, \"蛋白質\": 22, \"碳水\": 0}, {\"名稱\": \"米飯\", \"熱量\": 210, \"脂肪\": 3, \"蛋白質\": 4, \"碳水\": 44}, {\"名稱\": \"烤蔬菜\", \"熱量\": 50, \"脂肪\": 2, \"蛋白質\": 2, \"碳水\": 10}]'),
(263, 'U4bfbb93019e9b052b8ca94cb9bc77dfb', '2025-07-19 10:54:10', '20250719105410U4bfbb9301_result.jpg', '[{\"名稱\": \"雞肉串\", \"熱量\": 250, \"脂肪\": 10, \"蛋白質\": 30, \"碳水\": 5}, {\"名稱\": \"白米飯\", \"熱量\": 200, \"脂肪\": 1, \"蛋白質\": 4, \"碳水\": 44}, {\"名稱\": \"洋蔥\", \"熱量\": 40, \"脂肪\": 0, \"蛋白質\": 1, \"碳水\": 9}, {\"名稱\": \"彩椒\", \"熱量\": 20, \"脂肪\": 0, \"蛋白質\": 1, \"碳水\": 5}]'),
(264, 'Uc635ca9765a8dfe69e16f34754add6e2', '2025-07-20 16:22:56', '20250720162256Uc635ca976_result.jpg', '[{\"名稱\": \"米粉\", \"熱量\": 100, \"脂肪\": 0.2, \"蛋白質\": 3, \"碳水\": 22}, {\"名稱\": \"雞蛋\", \"熱量\": 155, \"脂肪\": 11, \"蛋白質\": 13, \"碳水\": 1.1}, {\"名稱\": \"蝦仁\", \"熱量\": 85, \"脂肪\": 1.2, \"蛋白質\": 18, \"碳水\": 0.2}, {\"名稱\": \"豬肉片\", \"熱量\": 250, \"脂肪\": 18, \"蛋白質\": 25, \"碳水\": 0}, {\"名稱\": \"黃豆\", \"熱量\": 120, \"脂肪\": 5, \"蛋白質\": 12, \"碳水\": 10}, {\"名稱\": \"小黃瓜\", \"熱量\": 16, \"脂肪\": 0.2, \"蛋白質\": 0.7, \"碳水\": 3.6}]');

-- --------------------------------------------------------

--
-- 資料表結構 `Show_Comment`
--

CREATE TABLE `Show_Comment` (
  `Type` set('感興趣主題','常吃的飲食','日常小困擾','') CHARACTER SET utf8mb4 COLLATE utf8mb4_general_ci NOT NULL,
  `Item` varchar(100) CHARACTER SET utf8mb4 COLLATE utf8mb4_general_ci NOT NULL,
  `Comment` text CHARACTER SET utf8mb4 COLLATE utf8mb4_general_ci NOT NULL
) ENGINE=InnoDB DEFAULT CHARSET=utf8mb4 COLLATE=utf8mb4_general_ci;

--
-- 傾印資料表的資料 `Show_Comment`
--

INSERT INTO `Show_Comment` (`Type`, `Item`, `Comment`) VALUES
('常吃的飲食', '五榖飯 + 胡麻豆腐', '您經常吃【五穀飯＋胡麻豆腐】這類搭配組合，飲食上較為均衡，飲食建議上每日二杯奶、每餐飯及蔬菜要比拳頭大，每餐蛋豆魚肉一掌心，每餐水果拳頭大，每餐堅果一茶匙，堅持均衡飲食，一定呷百二。'),
('感興趣主題', '健康窈窕減少負擔', '建議健康地進行飲食控制，每日熱量攝取需低於TDEE並配合運動。執行營養均衡飲食，三餐定時定量，對於六大類食物要適量攝取，不可採用不健康的低醣高蛋白或長期高纖維飲食，以免造成身體的傷害。配合恆久適當的運動，消耗多餘的熱量，以達到減重的效果。'),
('感興趣主題', '增肌打底補給能量', '近幾年大家對防範肌少症的觀念提高、健身的風氣盛行，增肌飲食建議每日每公斤 1.5～2 公克蛋白質，以體重60公斤為例，每日蛋白質建議量為公克。蛋白質攝取以優質蛋白質為佳，如魚類、肉類、奶類及蛋類等，且每週均需攝取植物性蛋白，如：大豆、豆製品、蔬菜（馬鈴薯、胡蘿蔔、白蘿蔔、白 花椰菜、波菜、甘藍菜）或水果（香蕉、柑橘、番茄、蘋果），避免吃加工類食品。'),
('感興趣主題', '擺脫三高健檢紅字', '三高指的是高血壓，高血糖，高血脂。維持理想體重及均衡飲食是控制三高或預防三高的主要方式。高血壓的飲食原則，如減少鹽分的攝取、限制鈉含量較高的食物；高血糖的飲食原則，應控制熱量高的食物、少吃精緻醣類、少喝含糖飲料、少吃油炸或煎炒的食物，盡量以水煮、清蒸、烤或涼拌等烹調方式；高血脂的飲食原則，宜少油、少糖、少吃高膽固醇食物。除了的飲食之外，足夠和規律的運動互相搭配，才能降低三高造成的健康風險。'),
('日常小困擾', '時常腰痠背痛', '腰痠背痛可能源於缺乏營養素，【鈣】對骨骼和肌肉功能有關鍵作用。【鎂】有助於肌肉放鬆。【鐵】和【鋅】對身體代謝和修復有助，缺乏可能導致疲勞、疼痛。缺乏【維生素D】可能造成骨痛，而缺乏【維生素B群】可能引發神經痛。'),
('日常小困擾', '時常輾轉難眠', '時常輾轉難眠，你可能缺乏微量營養素：鈣、鎂、鋅和維生素B6，進而影響睡眠品質。【鈣】、【鎂】除了有助於維持骨骼健康，也具有安定神經、幫助放鬆的作用。【鋅】能促進褪黑激素合成與釋放，調節睡眠節奏。【維生素B6】可以幫助多巴胺和 γ-氨基丁酸（GABA）等物質產生，多巴胺也就是常聽到的快樂荷爾蒙，產生開心的感覺，幫助心情放鬆。'),
('日常小困擾', '有時莫名頭痛', '有時莫名頭痛，可能源於缺乏營養素：維生素B12、菸鹼酸等，有助維持能量代謝，缺乏可能會造成頭痛。【鐵質】有助氧氣運輸與利用，若欠缺就會容易感頭暈頭痛。'),
('日常小困擾', '有時貧血頭暈', '日常若常有貧血頭暈的困擾，請注意你可能不只有缺鐵，也有可能是身體也缺乏微量營養素：維生素B6、維生素B12和葉酸。【鐵】是造血的營養元素之一，【維生素B12】參與紅血球形成，而【葉酸】【維生素B6】共同參與體內血球運作。建議多補充瘦肉、綠葉蔬菜、蛋豆類、堅果等來獲得這些營養素。'),
('日常小困擾', '沒太多小毛病', '很棒喔，繼續維持。'),
('常吃的飲食', '滷肉飯（或乾麵）+ 台式小菜', '您經常吃【滷肉飯+台式小菜】這類搭配組合，飲食較為均衡，但仍需控制份量，選擇健康的碳水化合物來源，例如未精緻五穀根莖類，並限制攝取糖分高的飲料、甜品的次數。'),
('常吃的飲食', '漢堡 + 薯條 + 汽水', '您經常吃【漢堡薯條＋汽水】這類搭配組合，都是糖份含量高的加工食品，攝取過多澱粉，膳食纖維攝取不足，雖能迅速提供能量但也導致血糖波動大，容易過量攝取熱量，長期下來不利體重控制及飲食不均。在飲食中加入富含膳食纖維食物，例如燕麥、五穀米等，且含更多營養素，持久能量又穩定血糖。'),
('常吃的飲食', '無合適選項', '建議將您的飲食拍照上傳至平台上，由營養師解簽您的疑惑，謝謝！'),
('常吃的飲食', '燒肉 + 啤酒 + 烤麻糬', '您經常吃【燒肉+啤酒＋烤麻糬】這類搭配組合，攝取較多的動物性蛋白，其含較高的脂肪及膽固醇，容易增加負擔，加上搭配啤酒、烤麻糬等，可能導致血糖波動大、體重增加和心血管疾病風險。建議增加蔬菜串和植物性蛋白的攝取比例，平時養成定期運動的習慣。'),
('常吃的飲食', '燒餅油條（或包子、饅頭）+ 無糖豆漿', '您經常吃【燒餅油條＋無糖豆漿】這類搭配組合，缺乏蔬菜類攝取，飲食不均，且血糖較不穩定。不過，黃豆、黑豆等豆類擁有的優植物性蛋白提供必需胺基酸及膳食纖維，不含膽固醇與較低的飽和脂肪含量。但建議可以蔬菜蛋餅替換燒餅油條，確保血糖穩定，長期更健康。'),
('感興趣主題', '特殊的飲食建議', '1.癌症：癌症患者因新陳代謝和荷爾蒙變化，蛋白質流失加劇，均衡攝取六大類食物外，著重注意攝取充足熱量和優質蛋白建議治療期間，每日攝取量為體重乘以1~1.5公克的蛋白質。選擇熟食、避免生食，以免感染風險。食慾不振時，少量多餐，選擇高熱量食物，多種烹調方式有助提升食慾。\r\n2.腎病：腎病患者應攝取充足熱量，每日攝取量為體重乘以25~35卡的熱量，避免因能量不足分解肌肉，增加腎臟負擔。未進行透析的患者，應遵循「低蛋白飲食原則」，每日攝取量為體重乘以0.6~0.8公克的蛋白質，並建議以植物性蛋白為主，伴隨攝取脂肪、膽固醇更低量。優質蛋白應至少占總攝取量的50%。管理飲食，降低鈉、磷、鉀攝取，控制水分，減輕腎臟和心臟負擔、避免骨質疏鬆。\r\n'),
('日常小困擾', '眼睛乾澀疲勞', '眼睛乾澀疲勞，可能源於缺乏維生素B2、維生素A，缺乏可能會造成結膜充血、怕光或乾眼症。'),
('日常小困擾', '經常覺得疲憊', '常感到疲勞、提不起勁？可能源於缺乏營養素：【維生素B群】如維生素B1、B2、菸鹼素與維生素B12等，有助維持能量代謝，缺乏可能會造成疲倦。【鐵質】有助氧氣運輸與利用、【鋅】使體內酵素正常作用，這些礦物質若欠缺就會容易感到疲憊無力。'),
('常吃的飲食', '義大利麵 + 木盆沙拉', '您經常吃【義大利麵＋木盆沙拉】這類搭配組合，飲食均衡及足夠的熱量，有助於控制血糖和體重，但在需要快速補充能量的情況（例如運動後）時，可補充含醣類高的食物，例：水果及五穀雜糧類，香蕉、奇異果、烤地瓜等。'),
('日常小困擾', '莫名感到鬱卒', '有時候莫名感到鬱卒、心情浮躁，和缺乏營養素有關。【Omega-3脂肪酸】為不飽和脂肪酸，有助神經傳導、血液流動與調節壓力荷爾蒙，缺乏的話可能會影響情緒。蛋白質是血清素的關鍵原料，缺乏【優質蛋白】也可能使快樂荷爾蒙製造不足而造成情緒低落。【鉻】有助於維持醣類代謝、降低負面情緒。【維生素B6】可以幫助多巴胺和 γ-氨基丁酸（GABA）等物質產生，多巴胺也就是常聽到的快樂荷爾蒙，產生開心的感覺，幫助心情放鬆。'),
('感興趣主題', '輕輕鬆鬆血糖管理', '良好血糖飲食原則，應採均衡飲食、少量多餐、少吃精緻醣類、少喝含糖飲料、少吃油炸或煎炒的食物、避免喝酒，食物盡量以水煮、清蒸、烤或涼拌等烹調方式。食物調味宜清淡，勿太鹹，少吃罐頭及醃製品、避免吃芶芡之濃湯。烹調時勿加糖，必要時可用低熱量之代糖取代。調味料(沙拉醬、辣椒醬、醬油膏)建議放在小碟子少量沾取勿吃太多。');

-- --------------------------------------------------------

--
-- 資料表結構 `User_Information`
--

CREATE TABLE `User_Information` (
  `User_ID` char(33) CHARACTER SET utf8mb4 COLLATE utf8mb4_general_ci NOT NULL,
  `Phone_number` char(10) CHARACTER SET utf8mb4 COLLATE utf8mb4_general_ci NOT NULL,
  `Flag_update_data` tinyint(1) NOT NULL,
  `Time_send_msg` datetime NOT NULL,
  `Number_upload_img` smallint UNSIGNED NOT NULL,
  `Time_upload_img` datetime NOT NULL
) ENGINE=InnoDB DEFAULT CHARSET=utf8mb4 COLLATE=utf8mb4_0900_ai_ci;

--
-- 傾印資料表的資料 `User_Information`
--

INSERT INTO `User_Information` (`User_ID`, `Phone_number`, `Flag_update_data`, `Time_send_msg`, `Number_upload_img`, `Time_upload_img`) VALUES
('U05c0d822e6ed46f180145ca4f858d6cb', '0905919413', 1, '2025-06-13 10:07:57', 0, '2025-06-13 10:07:57'),
('U071e558b1ca79bf2a4c18123a82b7861', '0933023910', 0, '2025-07-04 12:02:30', 2, '2025-07-04 12:02:30'),
('U079541034f75f13a8cfa508dc00e6009', '0963534407', 0, '2025-07-04 19:22:40', 3, '2025-07-04 14:27:40'),
('U0cf638f9cdb72ba61749baad8f4976e6', '0971252253', 0, '2025-07-08 17:29:15', 10, '2025-07-08 17:29:15'),
('U1218ec71e054316c77df5d39227f4b7d', '0985908284', 0, '2025-06-06 13:56:27', 1, '2025-06-06 13:56:27'),
('U26678010852441f619bc7f378a73f94f', '0935536235', 1, '2025-06-06 13:52:11', 0, '2025-06-06 13:46:42'),
('U28ed4c27dd0e40f02d6bbda19d0b33fc', '0919680524', 0, '2025-06-13 09:50:00', 1, '2025-06-13 09:49:37'),
('U2a06fa245af9c439a3bd79edde5c76cf', '0922660423', 1, '2025-06-06 13:47:03', 0, '2025-06-06 13:47:03'),
('U2a626ac7514c120685ff174cef799540', '0953737504', 0, '2025-06-21 14:15:16', 3, '2025-06-21 14:15:16'),
('U2ae84b20df5213c1fbbf7e54b7067b8d', '0919016331', 1, '2025-07-08 15:10:17', 0, '2025-07-08 15:10:17'),
('U38afbcc624806c87e90fbe85cbab1469', '0975678357', 1, '2025-06-06 13:48:18', 0, '2025-06-06 13:48:18'),
('U3ad909172f1d48811beefbe26aa217d7', '0988530004', 0, '2025-06-06 13:51:30', 0, '2025-06-06 13:46:37'),
('U3cb0a1c935638f4cc455de2b289d461b', '0963301649', 0, '2025-06-11 17:03:48', 22, '2025-06-11 17:03:48'),
('U3ea9f388995761a085c655dc81a9f6be', '0919765881', 0, '2025-06-14 10:43:34', 5, '2025-06-14 10:43:29'),
('U3f63ac6cf659fc4acdb6311660d0e3a6', '0906230621', 0, '2025-07-08 16:03:50', 0, '2025-07-08 15:08:37'),
('U3ff7aa774f7ecd43e9a764a1db7d5208', '0979925806', 0, '2025-06-06 13:49:48', 1, '2025-06-06 13:49:48'),
('U40f24667937a0764e4117dba4741580b', '0918759065', 1, '2025-07-02 15:41:56', 22, '2025-06-21 10:18:58'),
('U4281a926f92349120e17bd9882405056', '0909912018', 0, '2025-06-20 23:06:59', 1, '2025-06-20 23:00:11'),
('U43ec78f0dd2b7b6f96336c96e551fba3', '0939909226', 0, '2025-03-24 16:29:49', 6, '2025-03-24 16:29:49'),
('U4a255b4c3fcd8eebb04837843bd4e2bd', '0956190100', 1, '2025-03-27 14:14:27', 0, '2025-03-27 14:14:27'),
('U4a8236d1f9c437a0948a97dc944eece8', '0908337382', 0, '2025-07-08 22:59:44', 0, '2025-07-08 15:08:42'),
('U4bae890945968177ed22b77be1369c36', '0915518917', 1, '2025-06-11 10:52:43', 0, '2025-06-11 10:52:43'),
('U4bfbb93019e9b052b8ca94cb9bc77dfb', '0936642829', 0, '2025-07-19 10:54:10', 28, '2025-07-19 10:54:10'),
('U572d1f2290fc1de18c28fb098473059a', '0905887669', 0, '2025-06-06 14:05:37', 1, '2025-06-06 14:04:59'),
('U579c7b68bd69f892bc7af0c47e55c808', '0937195691', 0, '2025-07-18 22:10:26', 6, '2025-07-18 22:10:26'),
('U598d26906f6d935ef836de8edc6a0a5e', '0905193220', 0, '2025-07-05 10:42:54', 3, '2025-07-05 10:42:54'),
('U5a59c36cde4aa7437c288cfbe5692960', '0919712367', 1, '2025-06-13 09:47:21', 0, '2025-06-13 09:47:21'),
('U5cdc447e79b80167faaa43e466ac5166', '0989891895', 1, '2025-07-08 15:08:29', 0, '2025-07-08 15:08:29'),
('U60a7af2029e36a116bbb06c3fcded300', '0937038554', 0, '2025-07-08 15:12:19', 0, '2025-07-08 15:08:45'),
('U64dfb17c57eeecad2d6a441ab83ab2d0', '0920370048', 0, '2025-07-17 08:49:31', 55, '2025-07-17 08:49:31'),
('U69b8bbc251b415b93d823b37ff068dff', '0933784261', 0, '2025-06-06 14:09:43', 4, '2025-06-06 14:09:43'),
('U6e585ac2690d2362259e468863900868', '0910667938', 0, '2025-03-24 10:49:16', 4, '2025-03-24 10:49:16'),
('U70e5bcd77ff171773143b659d2e04e72', '0921941961', 0, '2025-06-06 14:00:58', 0, '2025-06-06 13:53:20'),
('U71464875ef879679fe280988a1afeb1b', '0924188889', 1, '2025-06-06 13:48:45', 0, '2025-06-06 13:48:45'),
('U7274015032fedf54ff0b11dec13c81eb', '0921941962', 0, '2025-06-06 14:00:40', 0, '2025-06-06 13:51:48'),
('U79ab777f88935105dca4a976e7173f9d', '0952371286', 1, '2025-06-13 09:44:45', 0, '2025-06-13 09:44:45'),
('U7b0e4d8a4ed3dba477dd5029f7a1ea14', '0915335758', 0, '2025-06-11 08:10:11', 0, '2025-06-06 13:47:32'),
('U82b0623491731813d2abbad3ba582178', '0938676800', 1, '2025-07-08 15:10:14', 0, '2025-07-08 15:10:14'),
('U84f93948b192ce7df0a9303c495b5c14', '0910692188', 0, '2025-06-06 14:02:49', 3, '2025-06-06 14:02:49'),
('U8a0d9fd90c845903099ffce70c216f66', '0958876908', 0, '2025-06-06 13:57:30', 1, '2025-06-06 13:56:48'),
('U8b1bcc6414593c151ed274f9f18ecf13', '0926104757', 1, '2025-07-08 15:09:04', 0, '2025-07-08 15:09:04'),
('U8fc5e01699e79acd6036d58644a0bd7f', '0935249147', 1, '2025-06-06 13:47:51', 0, '2025-06-06 13:47:51'),
('U911510dfab7a1f9907320fef4b93fb27', '0978323514', 0, '2025-06-06 16:25:05', 8, '2025-06-06 16:25:05'),
('U91e8214e92fcdf8d28853f02f64bb3a3', '0937030233', 0, '2025-06-11 10:51:10', 4, '2025-06-11 10:51:10'),
('U96c1d8fc6f42a10103c8c4848b09674d', '0975351709', 0, '2025-07-18 12:29:24', 6, '2025-07-18 12:29:24'),
('U98aad01e11573d55975c3aad7456c3e3', '0932587952', 1, '2025-06-06 13:54:31', 0, '2025-06-06 13:54:31'),
('U9c4d037bd496c81cbd6a48d6573543ee', '0922307559', 1, '2025-07-08 15:09:38', 0, '2025-07-08 15:09:38'),
('U9d07ac40358f8d7b4db9802bd89e40d7', '0919236306', 0, '2025-07-03 11:01:00', 1, '2025-07-03 11:01:00'),
('U9e51dbd0ef9b9b40afaac86df513bfb3', '0989300303', 0, '2025-03-24 11:34:22', 1, '2025-03-24 11:34:22'),
('Ua2f857a695ff03e470b270c4d7df6999', '0975669223', 0, '2025-06-06 22:08:18', 1, '2025-06-06 22:07:44'),
('Ua34312d9ea6c3824247f852dd51e5271', '0935103267', 0, '2025-07-14 12:05:15', 19, '2025-07-14 12:05:15'),
('Ua578973116812fca2bd7a7fc6bd199de', '0918123456', 1, '2025-06-13 12:11:52', 0, '2025-06-13 12:07:01'),
('Uae3375b2d161b2971676577bc2d5f2cb', '0912615862', 0, '2025-06-13 09:51:34', 1, '2025-06-13 09:51:34'),
('Ub5c9537f2d8875820058e793e1292ad7', '0952489782', 1, '2025-06-06 13:46:43', 0, '2025-06-06 13:46:43'),
('Ub847a188397f88f882bd351c8d913cef', '0932553996', 1, '2025-06-06 14:18:41', 0, '2025-06-06 14:18:41'),
('Uc635ca9765a8dfe69e16f34754add6e2', '0912010776', 0, '2025-07-20 16:22:56', 3, '2025-07-20 16:22:56'),
('Uc998f2b623aee130b533c741e61c1b6d', '0937856111', 0, '2025-07-09 15:04:43', 1, '2025-07-09 15:03:09'),
('Uce9b07a326436a27de530813d7b152ba', '0900143106', 1, '2025-07-08 15:08:58', 0, '2025-07-08 15:08:58'),
('Ucf24c4657a8240b57e1b452dc09fc8dd', '0931300451', 1, '2025-07-08 15:08:55', 0, '2025-07-08 15:08:55'),
('Ud30f448595b1ae5f98f7ca485eee8cca', '0928313020', 1, '2025-06-06 13:47:00', 0, '2025-06-06 13:47:00'),
('Ud975dbbff8f6d0f0bf3f88359db4e1b7', '0958691235', 1, '2025-07-08 15:08:31', 0, '2025-07-08 15:08:31'),
('Uda7595a0d30d712845efe0be4d753ebd', '0921030190', 1, '2025-06-06 13:48:48', 0, '2025-06-06 13:47:57'),
('Uda75f44c94acf1041de4ccb788372d97', '0965591279', 1, '2025-07-08 15:10:53', 0, '2025-07-08 15:10:53'),
('Udcbc3256775182c7d3c89d97d0cb3d69', '0932640656', 1, '2025-07-02 16:50:05', 0, '2025-07-02 16:40:41'),
('Ue11ca5a6a8cd4f5475ffdf5dcaf65135', '0937439713', 0, '2025-06-13 09:50:18', 2, '2025-06-13 09:50:18'),
('Ue1e583fc9effa726b706037f524020ad', '0935590866', 0, '2025-06-07 09:22:17', 1, '2025-06-07 09:22:17'),
('Ue3870074c82942a618b9b0cb1c9dbd1a', '0928615015', 0, '2025-06-06 13:51:25', 0, '2025-06-06 13:46:48'),
('Ue6584d5518ed2bf3d5c0f157e9314071', '0972802972', 1, '2025-06-13 09:43:16', 0, '2025-06-13 09:43:16'),
('Ue71c8d7f8fbc8dd07d600450debc6c10', '0988312791', 1, '2025-06-06 13:47:39', 0, '2025-06-06 13:47:39'),
('Uead9c7136fab3e074af6e41c7367f2ff', '0905179712', 1, '2025-07-08 15:08:34', 0, '2025-07-08 15:08:34'),
('Uec725ad2a5381967555ab745ce75ce3a', '0910712813', 0, '2025-01-25 13:06:44', 0, '2025-01-24 22:24:07'),
('Ued4e29bf50b82ea3ceb5a64d07bd9007', '0905535500', 0, '2025-06-12 19:17:17', 3, '2025-06-12 19:17:17'),
('Uf288a65ba9d10ca072d4479e0909a7ff', '0911163072', 0, '2025-06-20 11:57:18', 3, '2025-06-08 18:16:22'),
('Uf463f45a09b47842642e6da76b3b75cd', '0976860274', 1, '2025-07-08 15:11:40', 0, '2025-07-08 15:11:40'),
('Uf4d004f79fc34a3a14f76fa9bf5f92b0', '0928993380', 0, '2025-06-06 13:51:47', 1, '2025-06-06 13:50:50'),
('Ufa3930c0a09273c971184998bb9e12ab', '0931807890', 1, '2025-06-10 14:54:07', 0, '2025-06-10 14:54:07'),
('Ufbdb677271b672864aa726569ca608a0', '0926769353', 0, '2025-06-06 13:52:02', 1, '2025-06-06 13:52:02'),
('Ufc87f2e2f49962d6f7dccf633ef190e1', '0982360224', 0, '2025-07-14 12:13:56', 21, '2025-07-14 12:13:14'),
('Ufd124f3b746356e9d4e1f3dcda088293', '0919134692', 0, '2025-06-06 13:55:06', 2, '2025-06-06 13:52:47'),
('Ufe5fb32fb2ec66ab9f0eee832d2c2933', '0920089972', 0, '2025-03-27 14:22:16', 0, '2025-03-27 14:14:51'),
('Ufe86ef387a109293349cee089be51c62', '0911698008', 0, '2025-07-03 16:22:45', 1, '2025-07-03 16:19:39'),
('Ufe93f938f989af5b91410587a09e9410', '0922470619', 0, '2025-06-13 09:54:30', 8, '2025-06-13 09:54:30');

-- --------------------------------------------------------

--
-- 資料表結構 `User_Questionnaire`
--

CREATE TABLE `User_Questionnaire` (
  `no` smallint UNSIGNED NOT NULL,
  `User_ID` char(33) CHARACTER SET utf8mb4 COLLATE utf8mb4_general_ci NOT NULL,
  `Time_fill_out` datetime NOT NULL,
  `Sex` set('男生','女生') CHARACTER SET utf8mb4 COLLATE utf8mb4_general_ci NOT NULL,
  `Location` char(2) CHARACTER SET utf8mb4 COLLATE utf8mb4_general_ci NOT NULL,
  `Birthday` date NOT NULL,
  `Height` tinyint UNSIGNED NOT NULL,
  `Weight` tinyint UNSIGNED NOT NULL,
  `Phone_number` char(10) CHARACTER SET utf8mb4 COLLATE utf8mb4_general_ci NOT NULL,
  `家族史` varchar(50) CHARACTER SET utf8mb4 COLLATE utf8mb4_general_ci NOT NULL,
  `體重下降` set('有刻意減重','無刻意減重，體重下降大於 3 公斤','無刻意減重，體重下降 1~3 公斤','體重沒有下降') CHARACTER SET utf8mb4 COLLATE utf8mb4_general_ci NOT NULL,
  `平時吃素` set('是','否') CHARACTER SET utf8mb4 COLLATE utf8mb4_general_ci NOT NULL,
  `平時三餐` set('較少下廚（每週 0~1 次）','偶爾下廚（每週 2~3 次）','經常下廚（每週大於 3 次）') CHARACTER SET utf8mb4 COLLATE utf8mb4_general_ci NOT NULL,
  `每週的運動頻率` varchar(3) CHARACTER SET utf8mb4 COLLATE utf8mb4_general_ci NOT NULL,
  `常吃飲食搭配` tinytext CHARACTER SET utf8mb4 COLLATE utf8mb4_general_ci NOT NULL,
  `每週的零食頻率` varchar(3) CHARACTER SET utf8mb4 COLLATE utf8mb4_general_ci NOT NULL,
  `每週的飲料頻率` varchar(3) CHARACTER SET utf8mb4 COLLATE utf8mb4_general_ci NOT NULL,
  `每週的水果頻率` varchar(3) CHARACTER SET utf8mb4 COLLATE utf8mb4_general_ci NOT NULL,
  `日常小困擾` set('有時貧血頭暈','時常輾轉難眠','莫名感到鬱卒','經常覺得疲憊','時常腰痠背痛','有時莫名頭痛','眼睛乾澀疲勞','沒太多小毛病') CHARACTER SET utf8mb4 COLLATE utf8mb4_general_ci NOT NULL,
  `對食物過敏` tinytext CHARACTER SET utf8mb4 COLLATE utf8mb4_general_ci NOT NULL,
  `健康問題` tinytext CHARACTER SET utf8mb4 COLLATE utf8mb4_general_ci NOT NULL,
  `營養品種類` varchar(3) CHARACTER SET utf8mb4 COLLATE utf8mb4_general_ci NOT NULL,
  `營養品` varchar(50) CHARACTER SET utf8mb4 COLLATE utf8mb4_general_ci NOT NULL,
  `健康目標` set('健康瘦身減少負擔','擺脫三高健檢紅字','增肌打底補給能量','輕輕鬆鬆血糖管理') CHARACTER SET utf8mb4 COLLATE utf8mb4_general_ci NOT NULL,
  `加強的健康機能` tinytext CHARACTER SET utf8mb4 COLLATE utf8mb4_general_ci NOT NULL,
  `上題選項的優先順序` char(6) CHARACTER SET utf8mb4 COLLATE utf8mb4_general_ci NOT NULL,
  `營養補充` varchar(50) CHARACTER SET utf8mb4 COLLATE utf8mb4_general_ci NOT NULL,
  `服務` set('是','否') CHARACTER SET utf8mb4 COLLATE utf8mb4_general_ci NOT NULL
) ENGINE=InnoDB DEFAULT CHARSET=utf8mb4 COLLATE=utf8mb4_0900_ai_ci;

--
-- 傾印資料表的資料 `User_Questionnaire`
--

INSERT INTO `User_Questionnaire` (`no`, `User_ID`, `Time_fill_out`, `Sex`, `Location`, `Birthday`, `Height`, `Weight`, `Phone_number`, `家族史`, `體重下降`, `平時吃素`, `平時三餐`, `每週的運動頻率`, `常吃飲食搭配`, `每週的零食頻率`, `每週的飲料頻率`, `每週的水果頻率`, `日常小困擾`, `對食物過敏`, `健康問題`, `營養品種類`, `營養品`, `健康目標`, `加強的健康機能`, `上題選項的優先順序`, `營養補充`, `服務`) VALUES
(6, 'U40f24667937a0764e4117dba4741580b', '2025-01-17 10:57:54', '男生', '台中', '1977-04-01', 176, 75, '0918759065', '糖尿病, 癌症, 跑的快', '體重沒有下降', '否', '較少下廚（每週 0~1 次）', '1~2', '滷肉飯（或乾麵）+ 台式小菜, 燒餅油條（或包子、饅頭）+ 無糖豆漿', '3~5', '1~2', '6~7', '時常腰痠背痛', '以上皆無', '血脂異常, 腸胃道症狀（如腹瀉、便秘…）', '6~7', '維他素B群, 魚油, 葉黃素, 益生菌, 鋅', '擺脫三高健檢紅字', '02. 夜夜好眠, 07. 免疫調節, 10. 護肝保健', '21007', '飲用水, 沖泡粉包', '否'),
(7, 'U64dfb17c57eeecad2d6a441ab83ab2d0', '2025-01-22 16:20:20', '女生', '台中', '2006-03-10', 167, 57, '0920370048', '高血壓', '體重沒有下降', '否', '較少下廚（每週 0~1 次）', '1~2', '滷肉飯（或乾麵）+ 台式小菜, 義大利麵 + 木盆沙拉, 五榖飯 + 胡麻豆腐', '3~5', '1~2', '3~5', '經常覺得疲憊', '以上皆無', '血壓異常', '1~2', '綜合維生素, 維他素B群', '擺脫三高健檢紅字', '01. 消化順暢, 03. 提振精神, 10. 護肝保健', '30110', '飲料, 纖維棒', '是'),
(8, 'Uec725ad2a5381967555ab745ce75ce3a', '2025-01-24 22:37:35', '女生', '台中', '1988-12-07', 168, 65, '0910712813', '糖尿病, 心血管疾病, 癌症', '體重沒有下降', '是', '偶爾下廚（每週 2~3 次）', '1~2', '滷肉飯（或乾麵）+ 台式小菜, 燒餅油條（或包子、饅頭）+ 無糖豆漿, 無合適選項', '3~5', '3~5', '6~7', '有時莫名頭痛', '甲殼類, 麩質, 亞硫酸鹽類製品', '腸胃道症狀（如腹瀉、便秘…）', '3~5', '綜合維生素, 益生菌, 鈣片, 維生素D', '增肌打底補給能量', '01. 消化順暢, 02. 夜夜好眠, 05. 女性調理', '10205', '飲用水, 餅乾', '是'),
(9, 'Uec725ad2a5381967555ab745ce75ce3a', '2025-01-24 22:37:35', '女生', '台中', '1988-12-07', 168, 65, '0910712813', '糖尿病, 心血管疾病, 癌症', '體重沒有下降', '是', '偶爾下廚（每週 2~3 次）', '1~2', '滷肉飯（或乾麵）+ 台式小菜, 燒餅油條（或包子、饅頭）+ 無糖豆漿, 無合適選項', '3~5', '3~5', '6~7', '有時莫名頭痛', '甲殼類, 麩質, 亞硫酸鹽類製品', '腸胃道症狀（如腹瀉、便秘…）', '3~5', '綜合維生素, 益生菌, 鈣片, 維生素D', '增肌打底補給能量', '01. 消化順暢, 02. 夜夜好眠, 05. 女性調理', '10205', '飲用水, 餅乾', '是'),
(10, 'U4bfbb93019e9b052b8ca94cb9bc77dfb', '2025-03-12 06:17:27', '男生', '台中', '1966-02-04', 172, 70, '0936642829', '無', '體重沒有下降', '否', '經常下廚（每週大於 3 次）', '3~5', '無合適選項', '3~5', '0', '6~7', '眼睛乾澀疲勞', '以上皆無', '以上皆無', '3~5', '維他素B群, 魚油, 益生菌', '擺脫三高健檢紅字', '02. 夜夜好眠, 04. 眼睛保養, 07. 免疫調節', '40702', '飲用水, 餅乾', '是'),
(11, 'U6e585ac2690d2362259e468863900868', '2025-03-21 08:54:22', '女生', '台中', '1976-01-31', 160, 52, '0910667938', '糖尿病, 高血壓', '體重沒有下降', '否', '較少下廚（每週 0~1 次）', '1~2', '滷肉飯（或乾麵）+ 台式小菜', '1~2', '1~2', '6~7', '沒太多小毛病', '以上皆無', '以上皆無', '0', '無', '健康瘦身減少負擔', '01. 消化順暢, 04. 眼睛保養, 08. 鈣質補充', '40801', '凍飲, 沖泡粉包', '是'),
(12, 'U4bfbb93019e9b052b8ca94cb9bc77dfb', '2025-03-21 16:34:13', '男生', '台中', '1966-02-04', 172, 70, '0936642829', '無', '體重沒有下降', '否', '經常下廚（每週大於 3 次）', '3~5', '無合適選項', '3~5', '1~2', '6~7', '眼睛乾澀疲勞', '以上皆無', '以上皆無', '大於7', '綜合維生素, 維他素B群, 魚油, 益生菌, 膳食纖維, 鈣片, 維生素D', '擺脫三高健檢紅字', '03. 提振精神, 04. 眼睛保養, 09. 關鍵環節', '40903', '餅乾, 沖泡粉包', '是'),
(13, 'U43ec78f0dd2b7b6f96336c96e551fba3', '2025-03-24 11:23:16', '女生', '台中', '1987-09-08', 158, 80, '0939909226', '糖尿病, 心血管疾病, 癌症', '體重沒有下降', '否', '較少下廚（每週 0~1 次）', '0', '漢堡 + 薯條 + 汽水, 無合適選項', '1~2', '6~7', '3~5', '經常覺得疲憊', '以上皆無', '血脂異常', '0', '綜合維生素, 葉黃素, 膳食纖維', '健康瘦身減少負擔', '02. 夜夜好眠, 04. 眼睛保養, 05. 女性調理', '20405', '飲用水, 飲料', '是'),
(14, 'U9e51dbd0ef9b9b40afaac86df513bfb3', '2025-03-24 11:32:00', '女生', '台中', '2002-08-26', 165, 64, '0989300303', '無', '體重沒有下降', '否', '較少下廚（每週 0~1 次）', '3~5', '義大利麵 + 木盆沙拉, 五榖飯 + 胡麻豆腐', '1~2', '1~2', '0', '經常覺得疲憊', '以上皆無', '以上皆無', '1~2', '維他素B群, 益生菌', '增肌打底補給能量', '03. 提振精神, 05. 女性調理, 07. 免疫調節', '30507', '飲用水, 果凍', '是'),
(15, 'Ufe5fb32fb2ec66ab9f0eee832d2c2933', '2025-03-27 14:21:32', '男生', '新北', '1958-02-02', 160, 60, '0920089972', '無', '體重沒有下降', '否', '經常下廚（每週大於 3 次）', '1~2', '燒餅油條（或包子、饅頭）+ 無糖豆漿, 五榖飯 + 胡麻豆腐', '1~2', '0', '1~2', '沒太多小毛病', '以上皆無', '以上皆無', '1~2', '葉黃素', '擺脫三高健檢紅字', '04. 眼睛保養, 08. 鈣質補充, 10. 護肝保健', '40810', '米（飯）, 麵粉（麵包）', '是'),
(16, 'U3ff7aa774f7ecd43e9a764a1db7d5208', '2025-06-06 13:49:24', '男生', '雲林', '2001-03-03', 179, 79, '0979925806', '高血壓', '體重沒有下降', '否', '較少下廚（每週 0~1 次）', '3~5', '無合適選項', '3~5', '1~2', '1~2', '莫名感到鬱卒', '以上皆無', '血壓異常', '1~2', '葉黃素', '增肌打底補給能量', '01. 消化順暢, 02. 夜夜好眠, 03. 提振精神', '10203', '飲用水, 米（飯）', '是'),
(17, 'Ue3870074c82942a618b9b0cb1c9dbd1a', '2025-06-06 13:49:57', '女生', '雲林', '1992-07-24', 157, 60, '0928615015', '高血壓, 心血管疾病', '體重沒有下降', '否', '偶爾下廚（每週 2~3 次）', '1~2', '滷肉飯（或乾麵）+ 台式小菜', '3~5', '1~2', '1~2', '經常覺得疲憊', '以上皆無', '以上皆無', '3~5', '維他素B群, 魚油, 葉黃素', '健康瘦身減少負擔', '03. 提振精神, 05. 女性調理, 10. 護肝保健', '30510', '飲料, 餅乾', '是'),
(18, 'Uf288a65ba9d10ca072d4479e0909a7ff', '2025-06-06 13:50:03', '女生', '雲林', '1996-06-06', 163, 59, '0911163072', '無', '體重沒有下降', '否', '偶爾下廚（每週 2~3 次）', '1~2', '滷肉飯（或乾麵）+ 台式小菜, 燒餅油條（或包子、饅頭）+ 無糖豆漿', '6~7', '6~7', '1~2', '經常覺得疲憊', '以上皆無', '以上皆無', '0', '無', '健康瘦身減少負擔', '03. 提振精神, 07. 免疫調節, 09. 關鍵環節', '30709', '飲料, 沖泡粉包', '是'),
(19, 'Ufd124f3b746356e9d4e1f3dcda088293', '2025-06-06 13:50:06', '女生', '雲林', '0078-07-22', 164, 54, '0919134692', '糖尿病, 高血壓, 高血脂症, 心血管疾病', '體重沒有下降', '否', '經常下廚（每週大於 3 次）', '1~2', '漢堡 + 薯條 + 汽水, 滷肉飯（或乾麵）+ 台式小菜, 義大利麵 + 木盆沙拉', '3~5', '3~5', '1~2', '眼睛乾澀疲勞', '以上皆無', '骨質疏鬆', '1~2', '葉黃素', '健康瘦身減少負擔', '04. 眼睛保養, 08. 鈣質補充, 10. 護肝保健', '41008', '沖泡粉包, 營養食品', '是'),
(20, 'Ufbdb677271b672864aa726569ca608a0', '2025-06-06 13:50:29', '男生', '嘉義', '1972-05-15', 168, 71, '0926769353', '高血壓', '有刻意減重', '否', '較少下廚（每週 0~1 次）', '3~5', '滷肉飯（或乾麵）+ 台式小菜, 燒肉 + 啤酒 + 烤麻糬', '3~5', '3~5', '3~5', '有時莫名頭痛', '以上皆無', '血壓異常, 血脂異常', '3~5', '綜合維生素, 葉黃素', '擺脫三高健檢紅字', '03. 提振精神, 07. 免疫調節, 10. 護肝保健', '100307', '飲料, 餅乾', '是'),
(21, 'Uf4d004f79fc34a3a14f76fa9bf5f92b0', '2025-06-06 13:50:31', '女生', '雲林', '2002-02-28', 158, 55, '0928993380', '高血壓, 心血管疾病', '體重沒有下降', '否', '經常下廚（每週大於 3 次）', '0', '無合適選項', '3~5', '1~2', '6~7', '有時莫名頭痛', '以上皆無', '以上皆無', '0', '無', '健康瘦身減少負擔', '04. 眼睛保養, 05. 女性調理, 08. 鈣質補充', '80405', '凍飲, 果凍', '是'),
(22, 'U8a0d9fd90c845903099ffce70c216f66', '2025-06-06 13:50:23', '女生', '嘉義', '1985-06-20', 163, 79, '0958876908', '糖尿病, 高血壓', '體重沒有下降', '是', '較少下廚（每週 0~1 次）', '1~2', '滷肉飯（或乾麵）+ 台式小菜', '1~2', '3~5', '1~2', '時常輾轉難眠', '甲殼類', '以上皆無', '0', '無', '擺脫三高健檢紅字', '01. 消化順暢, 02. 夜夜好眠, 07. 免疫調節', '20701', '飲用水, 飲料', '是'),
(23, 'U3ad909172f1d48811beefbe26aa217d7', '2025-06-06 13:49:51', '女生', '雲林', '1996-03-04', 150, 48, '0988530004', '癌症', '體重沒有下降', '否', '較少下廚（每週 0~1 次）', '1~2', '滷肉飯（或乾麵）+ 台式小菜, 義大利麵 + 木盆沙拉', '0', '3~5', '1~2', '時常腰痠背痛', '以上皆無', '血脂異常', '1~2', '維他素B群, 魚油', '擺脫三高健檢紅字', '04. 眼睛保養, 05. 女性調理, 06. 膠原補給', '40605', '飲用水, 飲料', '是'),
(24, 'Ufd124f3b746356e9d4e1f3dcda088293', '2025-06-06 13:50:06', '女生', '雲林', '0078-07-22', 164, 54, '0919134692', '糖尿病, 高血壓, 高血脂症, 心血管疾病', '體重沒有下降', '否', '經常下廚（每週大於 3 次）', '1~2', '漢堡 + 薯條 + 汽水, 滷肉飯（或乾麵）+ 台式小菜, 義大利麵 + 木盆沙拉', '3~5', '3~5', '1~2', '眼睛乾澀疲勞', '以上皆無', '骨質疏鬆', '1~2', '葉黃素', '健康瘦身減少負擔', '04. 眼睛保養, 08. 鈣質補充, 10. 護肝保健', '41008', '沖泡粉包, 營養食品', '是'),
(25, 'U7b0e4d8a4ed3dba477dd5029f7a1ea14', '2025-06-06 13:51:39', '女生', '雲林', '1963-01-17', 159, 55, '0915335758', '高血壓', '體重沒有下降', '否', '經常下廚（每週大於 3 次）', '3~5', '無合適選項', '1~2', '1~2', '3~5', '沒太多小毛病', '以上皆無', '以上皆無', '1~2', '綜合維生素, 維他素B群, 魚油', '增肌打底補給能量', '01. 消化順暢, 02. 夜夜好眠, 08. 鈣質補充', '20108', '沖泡粉包, 纖維棒', '是'),
(26, 'U911510dfab7a1f9907320fef4b93fb27', '2025-06-06 13:52:58', '男生', '雲林', '1986-05-14', 165, 64, '0978323514', '無', '體重沒有下降', '否', '經常下廚（每週大於 3 次）', '1~2', '滷肉飯（或乾麵）+ 台式小菜, 五榖飯 + 胡麻豆腐', '1~2', '0', '6~7', '沒太多小毛病', '以上皆無', '以上皆無', '0', '無', '增肌打底補給能量', '01. 消化順暢, 03. 提振精神, 10. 護肝保健', '30110', '飲用水, 米（飯）', '是'),
(27, 'Ufd124f3b746356e9d4e1f3dcda088293', '2025-06-06 13:50:06', '女生', '雲林', '0078-07-22', 164, 54, '0919134692', '糖尿病, 高血壓, 高血脂症, 心血管疾病', '體重沒有下降', '否', '經常下廚（每週大於 3 次）', '1~2', '漢堡 + 薯條 + 汽水, 滷肉飯（或乾麵）+ 台式小菜, 義大利麵 + 木盆沙拉', '3~5', '3~5', '1~2', '眼睛乾澀疲勞', '以上皆無', '骨質疏鬆', '1~2', '葉黃素', '健康瘦身減少負擔', '04. 眼睛保養, 08. 鈣質補充, 10. 護肝保健', '41008', '沖泡粉包, 營養食品', '是'),
(28, 'Uc635ca9765a8dfe69e16f34754add6e2', '2025-06-06 13:54:12', '女生', '雲林', '1969-10-10', 162, 55, '0912010776', '無', '體重沒有下降', '否', '經常下廚（每週大於 3 次）', '6~7', '義大利麵 + 木盆沙拉, 五榖飯 + 胡麻豆腐', '1~2', '0', '1~2', '沒太多小毛病', '以上皆無', '以上皆無', '0', '無', '增肌打底補給能量', '02. 夜夜好眠, 04. 眼睛保養, 10. 護肝保健', '20410', '沖泡粉包, 纖維棒', '是'),
(29, 'U69b8bbc251b415b93d823b37ff068dff', '2025-06-06 13:55:22', '女生', '雲林', '1988-03-17', 155, 65, '0933784261', '癌症', '體重沒有下降', '否', '偶爾下廚（每週 2~3 次）', '0', '滷肉飯（或乾麵）+ 台式小菜, 義大利麵 + 木盆沙拉', '1~2', '1~2', '1~2', '時常腰痠背痛', '芒果', '以上皆無', '1~2', '綜合維生素, 維他素B群', '增肌打底補給能量', '01. 消化順暢, 03. 提振精神, 05. 女性調理', '50301', '飲料, 餅乾', '是'),
(30, 'U1218ec71e054316c77df5d39227f4b7d', '2025-06-06 13:54:52', '女生', '台北', '1970-12-26', 163, 67, '0985908284', '高血壓, 高血脂症, 心血管疾病', '體重沒有下降', '否', '偶爾下廚（每週 2~3 次）', '1~2', '滷肉飯（或乾麵）+ 台式小菜, 五榖飯 + 胡麻豆腐', '3~5', '1~2', '1~2', '時常腰痠背痛', '亞硫酸鹽類製品', '腸胃道症狀（如腹瀉、便秘…）', '3~5', '綜合維生素, 益生菌, 鈣片', '健康瘦身減少負擔', '01. 消化順暢, 02. 夜夜好眠, 03. 提振精神', '20301', '凍飲, 纖維棒', '是'),
(31, 'U8a0d9fd90c845903099ffce70c216f66', '2025-06-06 13:50:23', '女生', '嘉義', '1985-06-20', 163, 79, '0958876908', '糖尿病, 高血壓', '體重沒有下降', '是', '較少下廚（每週 0~1 次）', '1~2', '滷肉飯（或乾麵）+ 台式小菜', '1~2', '3~5', '1~2', '時常輾轉難眠', '甲殼類', '以上皆無', '0', '無', '擺脫三高健檢紅字', '01. 消化順暢, 02. 夜夜好眠, 07. 免疫調節', '20701', '飲用水, 飲料', '是'),
(32, 'U3cb0a1c935638f4cc455de2b289d461b', '2025-06-06 13:56:08', '女生', '雲林', '1980-01-01', 160, 52, '0963301649', '癌症', '無刻意減重，體重下降大於 3 公斤', '是', '經常下廚（每週大於 3 次）', '6~7', '五榖飯 + 胡麻豆腐', '0', '1~2', '6~7', '沒太多小毛病', '以上皆無', '以上皆無', '3~5', '維他素B群', '增肌打底補給能量', '02. 夜夜好眠, 03. 提振精神, 04. 眼睛保養', '20304', '飲料, 凍飲', '否'),
(33, 'U84f93948b192ce7df0a9303c495b5c14', '2025-06-06 13:59:42', '女生', '雲林', '1989-03-08', 167, 52, '0910692188', '無', '體重沒有下降', '否', '偶爾下廚（每週 2~3 次）', '1~2', '滷肉飯（或乾麵）+ 台式小菜, 義大利麵 + 木盆沙拉', '1~2', '3~5', '1~2', '時常腰痠背痛', '以上皆無', '以上皆無', '1~2', '魚油, 葉黃素', '增肌打底補給能量', '04. 眼睛保養, 06. 膠原補給, 08. 鈣質補充', '40806', '飲料, 餅乾', '是'),
(34, 'U7274015032fedf54ff0b11dec13c81eb', '2025-06-06 13:59:21', '女生', '台北', '1967-04-01', 166, 59, '0921941962', '高血壓, 高血脂症, 心血管疾病, 癌症', '體重沒有下降', '否', '經常下廚（每週大於 3 次）', '1~2', '無合適選項', '1~2', '0', '3~5', '眼睛乾澀疲勞', '以上皆無', '血壓異常, 血脂異常, 腸胃道症狀（如腹瀉、便秘…）', '3~5', '綜合維生素, 維他素B群, 魚油, 葉黃素, 鈣片, 維生素D', '擺脫三高健檢紅字', '01. 消化順暢, 04. 眼睛保養, 08. 鈣質補充', '10408', '飲用水, 凍飲', '是'),
(35, 'U70e5bcd77ff171773143b659d2e04e72', '2025-06-06 13:59:58', '男生', '台北', '1963-03-08', 173, 79, '0921941961', '高血壓', '體重沒有下降', '否', '偶爾下廚（每週 2~3 次）', '3~5', '五榖飯 + 胡麻豆腐, 無合適選項', '1~2', '0', '1~2', '眼睛乾澀疲勞', '以上皆無', '血壓異常', '3~5', '維他素B群, 魚油, 維骨力, 鈣片, 維生素D', '輕輕鬆鬆血糖管理', '04. 眼睛保養, 06. 膠原補給, 10. 護肝保健', '100604', '米（飯）, 纖維棒', '是'),
(36, 'U598d26906f6d935ef836de8edc6a0a5e', '2025-06-06 14:01:40', '女生', '台南', '1980-10-13', 164, 60, '0905193220', '糖尿病', '體重沒有下降', '否', '偶爾下廚（每週 2~3 次）', '1~2', '義大利麵 + 木盆沙拉, 燒肉 + 啤酒 + 烤麻糬, 五榖飯 + 胡麻豆腐', '3~5', '0', '6~7', '眼睛乾澀疲勞', '以上皆無', '癌症, 腸胃道症狀（如腹瀉、便秘…）, 骨質疏鬆', '1~2', '益生菌, 膳食纖維, 鈣片, 維生素D', '輕輕鬆鬆血糖管理', '01. 消化順暢, 04. 眼睛保養, 07. 免疫調節', '10704', '飲用水, 飲料', '是'),
(37, 'U572d1f2290fc1de18c28fb098473059a', '2025-06-06 14:03:42', '女生', '雲林', '1955-01-01', 150, 65, '0905887669', '糖尿病, 高血壓, 心血管疾病', '體重沒有下降', '否', '較少下廚（每週 0~1 次）', '1~2', '漢堡 + 薯條 + 汽水', '1~2', '1~2', '1~2', '時常輾轉難眠', '大豆, 魚, 芒果', '血脂異常, 血糖異常', '1~2', '維他素B群', '擺脫三高健檢紅字', '01. 消化順暢, 03. 提振精神, 04. 眼睛保養', '10304', '沖泡粉包, 纖維棒', '是'),
(38, 'U91e8214e92fcdf8d28853f02f64bb3a3', '2025-06-06 14:17:04', '女生', '雲林', '1966-12-05', 163, 58, '0937030233', '癌症', '體重沒有下降', '否', '偶爾下廚（每週 2~3 次）', '0', '無合適選項', '0', '0', '1~2', '時常輾轉難眠', '以上皆無', '以上皆無', '1~2', '維他素B群, 葉黃素, 益生菌', '健康瘦身減少負擔', '02. 夜夜好眠, 04. 眼睛保養, 07. 免疫調節', '21209', '沖泡粉包, 纖維棒', '是'),
(39, 'Ua2f857a695ff03e470b270c4d7df6999', '2025-06-06 22:07:15', '女生', '新北', '1995-06-21', 165, 51, '0975669223', '糖尿病, 高血壓, 高血脂症, 心血管疾病', '體重沒有下降', '是', '經常下廚（每週大於 3 次）', '0', '燒餅油條（或包子、饅頭）+ 無糖豆漿', '3~5', '1~2', '1~2', '時常輾轉難眠', '以上皆無', '以上皆無', '1~2', '維他素B群, 魚油', '增肌打底補給能量', '02. 夜夜好眠, 03. 提振精神, 05. 女性調理', '20305', '飲用水, 沖泡粉包', '是'),
(40, 'Ue1e583fc9effa726b706037f524020ad', '2025-06-07 09:21:20', '男生', '台北', '1968-07-05', 167, 62, '0935590866', '糖尿病', '體重沒有下降', '否', '偶爾下廚（每週 2~3 次）', '1~2', '無合適選項', '1~2', '0', '1~2', '眼睛乾澀疲勞', '以上皆無', '以上皆無', '1~2', '魚油, 維生素D', '擺脫三高健檢紅字', '01. 消化順暢, 02. 夜夜好眠, 10. 護肝保健', '20110', '凍飲, 纖維棒', '否'),
(41, 'U0cf638f9cdb72ba61749baad8f4976e6', '2025-06-07 14:34:49', '女生', '雲林', '1998-09-07', 166, 59, '0971252253', '糖尿病, 高血壓, 心血管疾病', '體重沒有下降', '是', '較少下廚（每週 0~1 次）', '0', '漢堡 + 薯條 + 汽水, 滷肉飯（或乾麵）+ 台式小菜, 義大利麵 + 木盆沙拉', '0', '3~5', '1~2', '時常輾轉難眠', '以上皆無', '以上皆無', '0', '無', '健康瘦身減少負擔', '02. 夜夜好眠, 03. 提振精神, 05. 女性調理', '20305', '飲用水, 沖泡粉包', '是'),
(42, 'Ued4e29bf50b82ea3ceb5a64d07bd9007', '2025-06-09 12:48:10', '女生', '雲林', '2002-08-29', 158, 58, '0905535500', '糖尿病, 高血壓, 心血管疾病, 癌症', '無刻意減重，體重下降 1~3 公斤', '否', '經常下廚（每週大於 3 次）', '3~5', '滷肉飯（或乾麵）+ 台式小菜, 燒餅油條（或包子、饅頭）+ 無糖豆漿, 五榖飯 + 胡麻豆腐', '3~5', '1~2', '3~5', '眼睛乾澀疲勞', '以上皆無', '腸胃道症狀（如腹瀉、便秘…）', '1~2', '魚油, 益生菌, 葉酸', '健康瘦身減少負擔', '04. 眼睛保養, 05. 女性調理, 08. 鈣質補充', '50408', '飲用水, 沖泡粉包', '是'),
(43, 'U3ea9f388995761a085c655dc81a9f6be', '2025-06-10 10:38:02', '女生', '雲林', '1982-08-04', 150, 47, '0919765881', '糖尿病, 高血壓, 癌症', '有刻意減重', '否', '經常下廚（每週大於 3 次）', '1~2', '滷肉飯（或乾麵）+ 台式小菜, 無合適選項', '6~7', '6~7', '6~7', '經常覺得疲憊', '以上皆無', '血壓異常', '3~5', '維他素B群, 魚油, 葉黃素, 益生菌', '增肌打底補給能量', '02. 夜夜好眠, 03. 提振精神, 07. 免疫調節', '21209', '飲用水, 飲料', '是'),
(44, 'U579c7b68bd69f892bc7af0c47e55c808', '2025-06-11 07:21:21', '女生', '台北', '1995-01-27', 145, 42, '0937195691', '無', '無刻意減重，體重下降 1~3 公斤', '是', '經常下廚（每週大於 3 次）', '3~5', '燒餅油條（或包子、饅頭）+ 無糖豆漿, 五榖飯 + 胡麻豆腐', '1~2', '1~2', '1~2', '眼睛乾澀疲勞', '以上皆無', '以上皆無', '1~2', '葉黃素', '增肌打底補給能量', '03. 提振精神, 04. 眼睛保養, 05. 女性調理', '30405', '飲料, 沖泡粉包', '是'),
(45, 'Ue11ca5a6a8cd4f5475ffdf5dcaf65135', '2025-06-13 09:44:36', '男生', '台中', '1989-05-22', 179, 103, '0937439713', '糖尿病, 高血壓', '無刻意減重，體重下降 1~3 公斤', '否', '較少下廚（每週 0~1 次）', '1~2', '滷肉飯（或乾麵）+ 台式小菜, 燒餅油條（或包子、饅頭）+ 無糖豆漿', '1~2', '1~2', '1~2', '時常腰痠背痛', '以上皆無', '血壓異常, 血脂異常, 血糖異常', '3~5', '綜合維生素, 維他素B群, 魚油, 葉黃素, 益生菌, 膳食纖維, 維骨力, 鈣片, 維生素D', '擺脫三高健檢紅字', '02. 夜夜好眠, 03. 提振精神, 07. 免疫調節', '20307', '沖泡粉包, 米（飯）', '是'),
(46, 'Ufe93f938f989af5b91410587a09e9410', '2025-06-13 09:46:26', '男生', '台北', '2001-06-19', 175, 63, '0922470619', '無', '體重沒有下降', '否', '較少下廚（每週 0~1 次）', '1~2', '滷肉飯（或乾麵）+ 台式小菜, 燒餅油條（或包子、饅頭）+ 無糖豆漿', '3~5', '1~2', '0', '經常覺得疲憊', '以上皆無', '以上皆無', '1~2', '益生菌', '健康瘦身減少負擔', '03. 提振精神, 04. 眼睛保養, 07. 免疫調節', '40307', '果凍, 餅乾', '是'),
(47, 'Uae3375b2d161b2971676577bc2d5f2cb', '2025-06-13 09:46:23', '男生', '台中', '1975-01-05', 173, 83, '0912615862', '糖尿病', '有刻意減重', '否', '較少下廚（每週 0~1 次）', '1~2', '滷肉飯（或乾麵）+ 台式小菜, 燒餅油條（或包子、饅頭）+ 無糖豆漿', '1~2', '1~2', '3~5', '經常覺得疲憊', '以上皆無', '血脂異常', '1~2', '維他素B群, 魚油', '擺脫三高健檢紅字', '03. 提振精神, 04. 眼睛保養, 10. 護肝保健', '30410', '飲料, 凍飲', '否'),
(48, 'Ue11ca5a6a8cd4f5475ffdf5dcaf65135', '2025-06-13 09:44:36', '男生', '台中', '1989-05-22', 179, 103, '0937439713', '糖尿病, 高血壓', '無刻意減重，體重下降 1~3 公斤', '否', '較少下廚（每週 0~1 次）', '1~2', '滷肉飯（或乾麵）+ 台式小菜, 燒餅油條（或包子、饅頭）+ 無糖豆漿', '1~2', '1~2', '1~2', '時常腰痠背痛', '以上皆無', '血壓異常, 血脂異常, 血糖異常', '3~5', '綜合維生素, 維他素B群, 魚油, 葉黃素, 益生菌, 膳食纖維, 維骨力, 鈣片, 維生素D', '擺脫三高健檢紅字', '02. 夜夜好眠, 03. 提振精神, 07. 免疫調節', '20307', '沖泡粉包, 米（飯）', '是'),
(49, 'U28ed4c27dd0e40f02d6bbda19d0b33fc', '2025-06-13 09:49:19', '男生', '台中', '1979-05-24', 176, 102, '0919680524', '糖尿病, 高血壓', '體重沒有下降', '否', '偶爾下廚（每週 2~3 次）', '3~5', '滷肉飯（或乾麵）+ 台式小菜, 燒餅油條（或包子、饅頭）+ 無糖豆漿', '1~2', '0', '3~5', '眼睛乾澀疲勞', '以上皆無', '血脂異常', '3~5', '綜合維生素, 維他素B群, 魚油, 葉黃素, 益生菌', '健康瘦身減少負擔', '04. 眼睛保養, 09. 關鍵環節, 10. 護肝保健', '100904', '飲料, 果凍', '是'),
(50, 'U2a626ac7514c120685ff174cef799540', '2025-06-13 10:51:30', '男生', '台中', '1964-09-29', 176, 85, '0953737504', '糖尿病', '體重沒有下降', '否', '偶爾下廚（每週 2~3 次）', '1~2', '滷肉飯（或乾麵）+ 台式小菜, 燒肉 + 啤酒 + 烤麻糬, 燒餅油條（或包子、饅頭）+ 無糖豆漿', '1~2', '6~7', '1~2', '經常覺得疲憊', '以上皆無', '血壓異常, 血脂異常, 癌症', '0', '無', '擺脫三高健檢紅字', '02. 夜夜好眠, 03. 提振精神, 04. 眼睛保養', '20304', '飲用水, 沖泡粉包', '是'),
(51, 'U4281a926f92349120e17bd9882405056', '2025-06-20 22:58:44', '女生', '台中', '2003-02-02', 157, 60, '0909912018', '無', '體重沒有下降', '否', '較少下廚（每週 0~1 次）', '0', '滷肉飯（或乾麵）+ 台式小菜', '1~2', '6~7', '1~2', '經常覺得疲憊', '以上皆無', '以上皆無', '1~2', '維他素B群, 葉黃素', '健康瘦身減少負擔', '02. 夜夜好眠, 03. 提振精神, 04. 眼睛保養', '20304', '飲用水, 沖泡粉包', '是'),
(52, 'U071e558b1ca79bf2a4c18123a82b7861', '2025-07-02 15:57:41', '女生', '基隆', '1971-12-09', 163, 63, '0933023910', '高血壓, 癌症', '體重沒有下降', '否', '偶爾下廚（每週 2~3 次）', '0', '滷肉飯（或乾麵）+ 台式小菜, 義大利麵 + 木盆沙拉', '1~2', '3~5', '3~5', '眼睛乾澀疲勞', '甲殼類', '以上皆無', '3~5', '魚油, 葉黃素, 益生菌', '增肌打底補給能量', '02. 夜夜好眠, 04. 眼睛保養, 07. 免疫調節', '70204', '飲用水, 沖泡粉包', '是'),
(53, 'U9d07ac40358f8d7b4db9802bd89e40d7', '2025-07-03 10:57:49', '男生', '台中', '1991-01-27', 181, 73, '0919236306', '糖尿病', '體重沒有下降', '否', '較少下廚（每週 0~1 次）', '1~2', '漢堡 + 薯條 + 汽水, 滷肉飯（或乾麵）+ 台式小菜', '1~2', '3~5', '1~2', '時常輾轉難眠', '以上皆無', '以上皆無', '0', '無', '增肌打底補給能量', '01. 消化順暢, 02. 夜夜好眠, 10. 護肝保健', '11001', '凍飲, 纖維棒', '是'),
(54, 'Ufe86ef387a109293349cee089be51c62', '2025-07-03 16:15:49', '女生', '台中', '1983-10-02', 158, 59, '0911698008', '糖尿病, 高血壓, 高血脂症, 心血管疾病, 癌症', '體重沒有下降', '否', '較少下廚（每週 0~1 次）', '1~2', '無合適選項', '1~2', '6~7', '1~2', '時常腰痠背痛', '以上皆無', '以上皆無', '0', '無', '健康瘦身減少負擔', '02. 夜夜好眠, 03. 提振精神, 07. 免疫調節', '20307', '飲用水, 飲料', '否'),
(55, 'Ufc87f2e2f49962d6f7dccf633ef190e1', '2025-07-03 09:01:52', '女生', '台北', '1972-02-02', 160, 59, '0982360224', '糖尿病, 高血壓, 高血脂症, 心血管疾病, 癌症', '有刻意減重', '否', '經常下廚（每週大於 3 次）', '6~7', '無合適選項', '1~2', '1~2', '3~5', '眼睛乾澀疲勞', '以上皆無', '以上皆無', '3~5', '維他素B群, 葉黃素, 益生菌, 鈣片', '健康瘦身減少負擔', '02. 夜夜好眠, 04. 眼睛保養, 08. 鈣質補充', '20408', '飲用水, 沖泡粉包', '是'),
(56, 'U079541034f75f13a8cfa508dc00e6009', '2025-07-04 14:23:51', '女生', '雲林', '1998-07-28', 171, 58, '0963534407', '無', '體重沒有下降', '否', '經常下廚（每週大於 3 次）', '3~5', '五榖飯 + 胡麻豆腐', '3~5', '1~2', '6~7', '眼睛乾澀疲勞', '以上皆無', '以上皆無', '1~2', '葉黃素', '健康瘦身減少負擔', '04. 眼睛保養, 05. 女性調理, 10. 護肝保健', '41005', '飲用水, 天然食物', '是'),
(57, 'Ua34312d9ea6c3824247f852dd51e5271', '2025-07-07 13:51:34', '男生', '苗栗', '1972-07-10', 170, 75, '0935103267', '高血脂症, 心血管疾病', '體重沒有下降', '否', '經常下廚（每週大於 3 次）', '3~5', '滷肉飯（或乾麵）+ 台式小菜, 燒餅油條（或包子、饅頭）+ 無糖豆漿', '1~2', '1~2', '3~5', '經常覺得疲憊', '以上皆無', '血脂異常', '1~2', '綜合維生素', '擺脫三高健檢紅字', '03. 提振精神, 04. 眼睛保養, 07. 免疫調節', '30407', '凍飲, 錠劑', '是'),
(58, 'U60a7af2029e36a116bbb06c3fcded300', '2025-07-08 15:11:56', '女生', '台中', '2006-04-06', 157, 47, '0937038554', '無', '體重沒有下降', '否', '經常下廚（每週大於 3 次）', '1~2', '滷肉飯（或乾麵）+ 台式小菜, 無合適選項', '1~2', '1~2', '3~5', '眼睛乾澀疲勞', '以上皆無', '以上皆無', '0', '無', '增肌打底補給能量', '01. 消化順暢, 03. 提振精神, 05. 女性調理', '30105', '凍飲, 纖維棒', '是'),
(59, 'U3f63ac6cf659fc4acdb6311660d0e3a6', '2025-07-08 15:27:17', '女生', '台中', '2006-06-21', 161, 60, '0906230621', '糖尿病, 高血壓', '體重沒有下降', '否', '偶爾下廚（每週 2~3 次）', '0', '滷肉飯（或乾麵）+ 台式小菜, 義大利麵 + 木盆沙拉', '6~7', '1~2', '1~2', '經常覺得疲憊', '以上皆無', '以上皆無', '1~2', '維他素B群', '健康瘦身減少負擔', '03. 提振精神, 07. 免疫調節, 10. 護肝保健', '30710', '飲用水, 麵', '是'),
(60, 'U3f63ac6cf659fc4acdb6311660d0e3a6', '2025-07-08 15:38:19', '女生', '台中', '2006-06-21', 161, 60, '0906230621', '糖尿病, 高血壓', '體重沒有下降', '否', '偶爾下廚（每週 2~3 次）', '0', '滷肉飯（或乾麵）+ 台式小菜, 義大利麵 + 木盆沙拉', '3~5', '1~2', '1~2', '經常覺得疲憊', '以上皆無', '以上皆無', '1~2', '維他素B群', '健康瘦身減少負擔', '03. 提振精神, 07. 免疫調節, 10. 護肝保健', '30710', '飲用水, 麵粉（麵包）', '是'),
(61, 'U4a8236d1f9c437a0948a97dc944eece8', '2025-07-08 15:12:35', '女生', '台中', '2006-01-03', 165, 58, '0908337382', '糖尿病, 高血壓, 心血管疾病, 癌症', '無刻意減重，體重下降 1~3 公斤', '否', '偶爾下廚（每週 2~3 次）', '0', '無合適選項', '1~2', '0', '6~7', '莫名感到鬱卒', '以上皆無', '以上皆無', '1~2', '綜合維生素, 維他素B群, 益生菌', '健康瘦身減少負擔', '01. 消化順暢, 05. 女性調理, 06. 膠原補給', '10605', '果凍, 纖維棒', '是'),
(62, 'Uc998f2b623aee130b533c741e61c1b6d', '2025-07-09 15:02:45', '女生', '台中', '2001-11-28', 160, 53, '0937856111', '無', '體重沒有下降', '否', '較少下廚（每週 0~1 次）', '0', '漢堡 + 薯條 + 汽水, 滷肉飯（或乾麵）+ 台式小菜, 義大利麵 + 木盆沙拉', '3~5', '1~2', '1~2', '沒太多小毛病', '以上皆無', '以上皆無', '3~5', '綜合維生素, 維他素B群, 益生菌', '健康瘦身減少負擔', '01. 消化順暢, 05. 女性調理, 10. 護肝保健', '10510', '飲用水, 飲料', '否'),
(63, 'U96c1d8fc6f42a10103c8c4848b09674d', '2025-07-17 08:56:57', '女生', '台中', '1968-08-12', 165, 63, '0975351709', '糖尿病, 高血壓, 高血脂症, 心血管疾病', '體重沒有下降', '否', '偶爾下廚（每週 2~3 次）', '1~2', '無合適選項', '1~2', '1~2', '3~5', '沒太多小毛病', '以上皆無', '血壓異常, 血脂異常, 血糖異常', '3~5', '綜合維生素, 維他素B群, 魚油, 葉黃素, 益生菌', '健康瘦身減少負擔', '02. 夜夜好眠, 03. 提振精神, 04. 眼睛保養', '20304', '飲用水, 飲料', '是');

--
-- 已傾印資料表的索引
--

--
-- 資料表索引 `auth_group`
--
ALTER TABLE `auth_group`
  ADD PRIMARY KEY (`id`),
  ADD UNIQUE KEY `name` (`name`);

--
-- 資料表索引 `auth_group_permissions`
--
ALTER TABLE `auth_group_permissions`
  ADD PRIMARY KEY (`id`),
  ADD UNIQUE KEY `auth_group_permissions_group_id_permission_id_0cd325b0_uniq` (`group_id`,`permission_id`),
  ADD KEY `auth_group_permissio_permission_id_84c5c92e_fk_auth_perm` (`permission_id`);

--
-- 資料表索引 `auth_permission`
--
ALTER TABLE `auth_permission`
  ADD PRIMARY KEY (`id`),
  ADD UNIQUE KEY `auth_permission_content_type_id_codename_01ab375a_uniq` (`content_type_id`,`codename`);

--
-- 資料表索引 `auth_user`
--
ALTER TABLE `auth_user`
  ADD PRIMARY KEY (`id`),
  ADD UNIQUE KEY `username` (`username`);

--
-- 資料表索引 `auth_user_groups`
--
ALTER TABLE `auth_user_groups`
  ADD PRIMARY KEY (`id`),
  ADD UNIQUE KEY `auth_user_groups_user_id_group_id_94350c0c_uniq` (`user_id`,`group_id`),
  ADD KEY `auth_user_groups_group_id_97559544_fk_auth_group_id` (`group_id`);

--
-- 資料表索引 `auth_user_user_permissions`
--
ALTER TABLE `auth_user_user_permissions`
  ADD PRIMARY KEY (`id`),
  ADD UNIQUE KEY `auth_user_user_permissions_user_id_permission_id_14a6b632_uniq` (`user_id`,`permission_id`),
  ADD KEY `auth_user_user_permi_permission_id_1fbb5f2c_fk_auth_perm` (`permission_id`);

--
-- 資料表索引 `django_admin_log`
--
ALTER TABLE `django_admin_log`
  ADD PRIMARY KEY (`id`),
  ADD KEY `django_admin_log_content_type_id_c4bce8eb_fk_django_co` (`content_type_id`),
  ADD KEY `django_admin_log_user_id_c564eba6_fk_auth_user_id` (`user_id`);

--
-- 資料表索引 `django_content_type`
--
ALTER TABLE `django_content_type`
  ADD PRIMARY KEY (`id`),
  ADD UNIQUE KEY `django_content_type_app_label_model_76bd3d3b_uniq` (`app_label`,`model`);

--
-- 資料表索引 `django_migrations`
--
ALTER TABLE `django_migrations`
  ADD PRIMARY KEY (`id`);

--
-- 資料表索引 `django_session`
--
ALTER TABLE `django_session`
  ADD PRIMARY KEY (`session_key`),
  ADD KEY `django_session_expire_date_a5c62663` (`expire_date`);

--
-- 資料表索引 `Food_Recognition`
--
ALTER TABLE `Food_Recognition`
  ADD UNIQUE KEY `no` (`no`);

--
-- 資料表索引 `Show_Comment`
--
ALTER TABLE `Show_Comment`
  ADD UNIQUE KEY `Item` (`Item`);

--
-- 資料表索引 `User_Information`
--
ALTER TABLE `User_Information`
  ADD PRIMARY KEY (`User_ID`);

--
-- 資料表索引 `User_Questionnaire`
--
ALTER TABLE `User_Questionnaire`
  ADD PRIMARY KEY (`no`);

--
-- 在傾印的資料表使用自動遞增(AUTO_INCREMENT)
--

--
-- 使用資料表自動遞增(AUTO_INCREMENT) `auth_group`
--
ALTER TABLE `auth_group`
  MODIFY `id` int NOT NULL AUTO_INCREMENT;

--
-- 使用資料表自動遞增(AUTO_INCREMENT) `auth_group_permissions`
--
ALTER TABLE `auth_group_permissions`
  MODIFY `id` bigint NOT NULL AUTO_INCREMENT;

--
-- 使用資料表自動遞增(AUTO_INCREMENT) `auth_permission`
--
ALTER TABLE `auth_permission`
  MODIFY `id` int NOT NULL AUTO_INCREMENT, AUTO_INCREMENT=25;

--
-- 使用資料表自動遞增(AUTO_INCREMENT) `auth_user`
--
ALTER TABLE `auth_user`
  MODIFY `id` int NOT NULL AUTO_INCREMENT;

--
-- 使用資料表自動遞增(AUTO_INCREMENT) `auth_user_groups`
--
ALTER TABLE `auth_user_groups`
  MODIFY `id` bigint NOT NULL AUTO_INCREMENT;

--
-- 使用資料表自動遞增(AUTO_INCREMENT) `auth_user_user_permissions`
--
ALTER TABLE `auth_user_user_permissions`
  MODIFY `id` bigint NOT NULL AUTO_INCREMENT;

--
-- 使用資料表自動遞增(AUTO_INCREMENT) `django_admin_log`
--
ALTER TABLE `django_admin_log`
  MODIFY `id` int NOT NULL AUTO_INCREMENT;

--
-- 使用資料表自動遞增(AUTO_INCREMENT) `django_content_type`
--
ALTER TABLE `django_content_type`
  MODIFY `id` int NOT NULL AUTO_INCREMENT, AUTO_INCREMENT=7;

--
-- 使用資料表自動遞增(AUTO_INCREMENT) `django_migrations`
--
ALTER TABLE `django_migrations`
  MODIFY `id` bigint NOT NULL AUTO_INCREMENT, AUTO_INCREMENT=19;

--
-- 使用資料表自動遞增(AUTO_INCREMENT) `Food_Recognition`
--
ALTER TABLE `Food_Recognition`
  MODIFY `no` mediumint UNSIGNED NOT NULL AUTO_INCREMENT, AUTO_INCREMENT=265;

--
-- 使用資料表自動遞增(AUTO_INCREMENT) `User_Questionnaire`
--
ALTER TABLE `User_Questionnaire`
  MODIFY `no` smallint UNSIGNED NOT NULL AUTO_INCREMENT, AUTO_INCREMENT=64;

--
-- 已傾印資料表的限制式
--

--
-- 資料表的限制式 `auth_group_permissions`
--
ALTER TABLE `auth_group_permissions`
  ADD CONSTRAINT `auth_group_permissio_permission_id_84c5c92e_fk_auth_perm` FOREIGN KEY (`permission_id`) REFERENCES `auth_permission` (`id`),
  ADD CONSTRAINT `auth_group_permissions_group_id_b120cbf9_fk_auth_group_id` FOREIGN KEY (`group_id`) REFERENCES `auth_group` (`id`);

--
-- 資料表的限制式 `auth_permission`
--
ALTER TABLE `auth_permission`
  ADD CONSTRAINT `auth_permission_content_type_id_2f476e4b_fk_django_co` FOREIGN KEY (`content_type_id`) REFERENCES `django_content_type` (`id`);

--
-- 資料表的限制式 `auth_user_groups`
--
ALTER TABLE `auth_user_groups`
  ADD CONSTRAINT `auth_user_groups_group_id_97559544_fk_auth_group_id` FOREIGN KEY (`group_id`) REFERENCES `auth_group` (`id`),
  ADD CONSTRAINT `auth_user_groups_user_id_6a12ed8b_fk_auth_user_id` FOREIGN KEY (`user_id`) REFERENCES `auth_user` (`id`);

--
-- 資料表的限制式 `auth_user_user_permissions`
--
ALTER TABLE `auth_user_user_permissions`
  ADD CONSTRAINT `auth_user_user_permi_permission_id_1fbb5f2c_fk_auth_perm` FOREIGN KEY (`permission_id`) REFERENCES `auth_permission` (`id`),
  ADD CONSTRAINT `auth_user_user_permissions_user_id_a95ead1b_fk_auth_user_id` FOREIGN KEY (`user_id`) REFERENCES `auth_user` (`id`);

--
-- 資料表的限制式 `django_admin_log`
--
ALTER TABLE `django_admin_log`
  ADD CONSTRAINT `django_admin_log_content_type_id_c4bce8eb_fk_django_co` FOREIGN KEY (`content_type_id`) REFERENCES `django_content_type` (`id`),
  ADD CONSTRAINT `django_admin_log_user_id_c564eba6_fk_auth_user_id` FOREIGN KEY (`user_id`) REFERENCES `auth_user` (`id`);
COMMIT;

/*!40101 SET CHARACTER_SET_CLIENT=@OLD_CHARACTER_SET_CLIENT */;
/*!40101 SET CHARACTER_SET_RESULTS=@OLD_CHARACTER_SET_RESULTS */;
/*!40101 SET COLLATION_CONNECTION=@OLD_COLLATION_CONNECTION */;
